"ID","Description","GeneRatio","BgRatio","pvalue","p.adjust","qvalue","geneID","Count"
"R-HSA-69620","Cell Cycle Checkpoints","153/2440","293/10654",1.77461339595983e-28,2.44364264623669e-25,1.99877508808107e-25,"ORC1/CDC25A/MCM2/H2BC10/MCM7/BLM/H2BC17/GTSE1/CDC45/MCM3/MCM5/MDC1/CDC6/TP53/CCNA2/EXO1/AURKB/CCNE1/PIAS4/UBE2C/TOP3A/CENPP/RNF168/DNA2/CCNB1/SPC25/MCM10/RPA1/H2AX/CENPI/INCENP/RFC3/RFC5/NUP37/PPP1CC/MCM4/H4C9/CHEK1/CENPA/ZWINT/ORC2/H2BC9/CDC7/CDC20/PLK1/BIRC5/PKMYT1/RFC2/H4C13/CENPK/PSME3/CENPU/PSMD11/ORC6/H2BC15/BARD1/H2BC6/RCC2/BRIP1/TOPBP1/CDC25C/H2BC11/RPA2/MAD2L1/NSD2/MCM8/CENPO/CLSPN/NUP160/ERCC6L/BUB1/ZWILCH/H2BC14/KNL1/ANAPC7/PSMA3/H4C5/H2BC7/CENPF/H4C2/MCM6/NSL1/XPO1/SGO1/PPP2R1B/NUP107/H4C1/H4C15/H4C14/CCNB2/SKA1/RANGAP1/NUP85/RFC4/NUF2/H2BC8/H4C4/H2BC5/H4C3/KNTC1/NUP43/PSMD7/MIS12/CHEK2/KIF2A/CDK1/BRCA1/ITGB3BP/PSMA2/CCNA1/KIF2C/ORC4/ORC3/CLASP2/H4C6/RBBP8/SGO2/H2BC13/CENPN/NDC80/CDC27/NUDC/DBF4/ANAPC1/WRN/ZW10/NUP133/H2BC4/CENPQ/RMI1/DSN1/H2BC12/CDCA8/KIF18A/CENPE/CKAP5/RHNO1/ZNF385A/MRE11/CENPH/SPC24/RNF8/CENPL/H2BU1/BUB3/CDK2/YWHAG/PHF20/RANBP2/PSMA5/PSMA6/PSMD10/CCNE2",153
"R-HSA-68886","M Phase","181/2440","395/10654",1.18524506044458e-24,8.16041224116095e-22,6.67480112987212e-22,"H2BC10/NDC1/CDCA5/H2BC17/H3C8/SET/HAUS4/LMNB1/AURKB/UBE2C/CENPP/TUBB4A/CCNB1/SPC25/NUP155/NCAPH/NCAPD3/ALMS1/TUBB2B/NCAPG/NUP188/H2AX/H3C10/CENPI/INCENP/NINL/CEP72/H2AC8/NUP37/NCAPG2/NEK2/PPP1CC/H4C9/CENPA/ZWINT/H3C1/H3C11/H2BC9/CDC20/PRKAR2B/PLK1/BIRC5/H4C13/CENPJ/NUP35/CENPK/NUP50/H3C2/NUP153/PSME3/PTTG1/NUP205/CENPU/PSMD11/SMC1A/NUP88/H2BC15/H2BC6/RCC2/PRKCB/H3C7/HAUS8/VRK1/H2AC20/TMPO/H2BC11/NUP93/MAD2L1/ESPL1/CENPO/KIF23/CEP78/NUP210/NUP160/TUBB/ERCC6L/H3C12/BUB1/MASTL/ZWILCH/H2BC14/H2AC4/NCAPD2/KNL1/ANAPC7/PSMA3/H4C5/H2BC7/H2AZ1/CENPF/FBXO5/H4C2/NUP54/NSL1/XPO1/SGO1/CEP135/PPP2R1B/NUP107/H4C1/H4C15/H4C14/CCNB2/SKA1/RANGAP1/NUP85/NUF2/H2BC8/H4C4/H2BC5/H4C3/KNTC1/TUBGCP4/NUP43/SMC3/PSMD7/MIS12/PLK4/HAUS1/KIF2A/CDK1/ITGB3BP/CEP152/PSMA2/FGFR1OP/KIF2C/TUBB2A/CLASP2/H2AC14/H4C6/SGO2/H2BC13/PHF8/CENPN/NDC80/CDC27/TUBG1/NUDC/H2AC6/HAUS6/ANAPC1/SMC2/ENSA/ZW10/NUP133/KIF20A/H2BC4/CENPQ/CEP57/DSN1/USO1/ARPP19/H2BC12/CDCA8/KIF18A/CENPE/SMC4/CKAP5/RAB1A/CENPH/STAG1/SPC24/RAB1B/CNEP1R1/LPIN1/CEP76/PCM1/CENPL/H2BU1/H3C6/BUB3/NEK9/CSNK1D/YWHAG/CEP290/RANBP2/PSMA5/CEP70/H2AZ2/PSMA6/PSMD10",181
"R-HSA-73886","Chromosome Maintenance","74/2440","110/10654",2.92368127013316e-23,1.34196970299112e-20,1.09766279264648e-20,"H2BC10/POLA2/H2BC17/MIS18A/RUVBL1/PRIM1/POLE/CENPP/DNA2/RPA1/TERF1/HJURP/H2AX/CENPI/LIG1/RFC3/RFC5/POLA1/H2AC8/DKC1/FEN1/H4C9/CENPA/H2BC9/OIP5/RFC2/H4C13/CENPK/PCNA/CENPU/H2BC15/H2BC6/H2AC20/H2BC11/RPA2/POLD3/CENPO/SMARCA5/H2BC14/H2AC4/KNL1/RUVBL2/H4C5/H2BC7/H2AZ1/H4C2/RBBP4/H4C1/H4C15/H4C14/RFC4/POLE2/H2BC8/H4C4/H2BC5/H4C3/POLD1/ITGB3BP/NPM1/CENPW/H2AC14/H4C6/H2BC13/CENPN/H2AC6/MIS18BP1/RFC1/H2BC4/CENPQ/H2BC12/CENPH/CENPL/H2BU1/H2AZ2",74
"R-HSA-68875","Mitotic Prophase","82/2440","142/10654",2.42737748988011e-19,8.35624700891229e-17,6.83498398466243e-17,"H2BC10/NDC1/H2BC17/H3C8/SET/LMNB1/CCNB1/NUP155/NCAPD3/NUP188/H2AX/H3C10/H2AC8/NUP37/NCAPG2/H4C9/H3C1/H3C11/H2BC9/PLK1/H4C13/NUP35/NUP50/H3C2/NUP153/NUP205/NUP88/H2BC15/H2BC6/PRKCB/H3C7/VRK1/H2AC20/TMPO/H2BC11/NUP93/NUP210/NUP160/H3C12/MASTL/H2BC14/H2AC4/H4C5/H2BC7/H2AZ1/H4C2/NUP54/PPP2R1B/NUP107/H4C1/H4C15/H4C14/CCNB2/NUP85/H2BC8/H4C4/H2BC5/H4C3/NUP43/CDK1/H2AC14/H4C6/H2BC13/PHF8/H2AC6/SMC2/ENSA/NUP133/H2BC4/USO1/ARPP19/H2BC12/SMC4/RAB1A/RAB1B/CNEP1R1/LPIN1/H2BU1/H3C6/NEK9/RANBP2/H2AZ2",82
"R-HSA-606279","Deposition of new CENPA-containing nucleosomes at the centromere","53/2440","74/10654",6.10396937226269e-19,1.40086097093429e-16,1.14583284707387e-16,"H2BC10/H2BC17/MIS18A/RUVBL1/CENPP/HJURP/H2AX/CENPI/H2AC8/H4C9/CENPA/H2BC9/OIP5/H4C13/CENPK/CENPU/H2BC15/H2BC6/H2AC20/H2BC11/CENPO/SMARCA5/H2BC14/H2AC4/KNL1/H4C5/H2BC7/H2AZ1/H4C2/RBBP4/H4C1/H4C15/H4C14/H2BC8/H4C4/H2BC5/H4C3/ITGB3BP/NPM1/CENPW/H2AC14/H4C6/H2BC13/CENPN/H2AC6/MIS18BP1/H2BC4/CENPQ/H2BC12/CENPH/CENPL/H2BU1/H2AZ2",53
"R-HSA-774815","Nucleosome assembly","53/2440","74/10654",6.10396937226269e-19,1.40086097093429e-16,1.14583284707387e-16,"H2BC10/H2BC17/MIS18A/RUVBL1/CENPP/HJURP/H2AX/CENPI/H2AC8/H4C9/CENPA/H2BC9/OIP5/H4C13/CENPK/CENPU/H2BC15/H2BC6/H2AC20/H2BC11/CENPO/SMARCA5/H2BC14/H2AC4/KNL1/H4C5/H2BC7/H2AZ1/H4C2/RBBP4/H4C1/H4C15/H4C14/H2BC8/H4C4/H2BC5/H4C3/ITGB3BP/NPM1/CENPW/H2AC14/H4C6/H2BC13/CENPN/H2AC6/MIS18BP1/H2BC4/CENPQ/H2BC12/CENPH/CENPL/H2BU1/H2AZ2",53
"R-HSA-5693532","DNA Double-Strand Break Repair","90/2440","166/10654",1.31305339182441e-18,2.58296360077459e-16,2.11273252519116e-16,"H2BC10/BRCA2/BLM/H2BC17/PAXIP1/LIG3/MDC1/KPNA2/XRCC2/TP53/CCNA2/EXO1/PIAS4/TOP3A/POLE/RNF168/DNA2/RPA1/H2AX/RFC3/POLK/RFC5/TDP1/TIMELESS/FEN1/H4C9/CHEK1/H2BC9/PARP1/RFC2/H4C13/RAD51AP1/PCNA/KDM4A/H2BC15/BARD1/H2BC6/RIF1/BRIP1/TOPBP1/H2BC11/POLQ/RPA2/NSD2/POLD3/CLSPN/SMARCA5/H2BC14/H4C5/H2BC7/H4C2/PALB2/H4C1/H4C15/H4C14/RAD51/XRCC5/RFC4/POLE2/H2BC8/H4C4/H2BC5/TIPIN/H4C3/PRKDC/POLD1/CHEK2/XRCC1/BRCA1/CCNA1/EYA3/GEN1/H4C6/RBBP8/H2BC13/EME1/PARP2/WRN/RFC1/H2BC4/RMI1/XRCC6/H2BC12/RHNO1/MRE11/LIG4/RNF8/H2BU1/RAD51B/CDK2",90
"R-HSA-5693538","Homology Directed Repair","77/2440","138/10654",4.64391469982319e-17,7.99333817707067e-15,6.53814306422476e-15,"H2BC10/BRCA2/BLM/H2BC17/LIG3/MDC1/XRCC2/CCNA2/EXO1/PIAS4/TOP3A/POLE/RNF168/DNA2/RPA1/H2AX/RFC3/POLK/RFC5/TIMELESS/FEN1/H4C9/CHEK1/H2BC9/PARP1/RFC2/H4C13/RAD51AP1/PCNA/H2BC15/BARD1/H2BC6/BRIP1/TOPBP1/H2BC11/POLQ/RPA2/NSD2/POLD3/CLSPN/H2BC14/H4C5/H2BC7/H4C2/PALB2/H4C1/H4C15/H4C14/RAD51/RFC4/POLE2/H2BC8/H4C4/H2BC5/TIPIN/H4C3/POLD1/XRCC1/BRCA1/CCNA1/GEN1/H4C6/RBBP8/H2BC13/EME1/PARP2/WRN/RFC1/H2BC4/RMI1/H2BC12/RHNO1/MRE11/RNF8/H2BU1/RAD51B/CDK2",77
"R-HSA-5578749","Transcriptional regulation by small RNAs","64/2440","106/10654",1.0129677774511e-16,1.46972025185301e-14,1.20215622786586e-14,"H2BC10/NDC1/H2BC17/AGO2/H3C8/POLR2H/NUP155/NUP188/H2AX/H3C10/H2AC8/NUP37/H4C9/H3C1/H3C11/H2BC9/H4C13/NUP35/NUP50/H3C2/NUP153/NUP205/NUP88/H2BC15/H2BC6/H3C7/H2AC20/H2BC11/NUP93/NUP210/NUP160/H3C12/H2BC14/H2AC4/H4C5/H2BC7/H2AZ1/H4C2/NUP54/NUP107/H4C1/H4C15/H4C14/NUP85/H2BC8/H4C4/H2BC5/H4C3/NUP43/TNRC6A/POLR2D/H2AC14/H4C6/H2BC13/POLR2B/H2AC6/NUP133/H2BC4/H2BC12/RAN/H2BU1/H3C6/RANBP2/H2AZ2",64
"R-HSA-157579","Telomere Maintenance","54/2440","82/10654",1.06733496866595e-16,1.46972025185301e-14,1.20215622786586e-14,"H2BC10/POLA2/H2BC17/RUVBL1/PRIM1/POLE/DNA2/RPA1/TERF1/H2AX/LIG1/RFC3/RFC5/POLA1/H2AC8/DKC1/FEN1/H4C9/H2BC9/RFC2/H4C13/PCNA/H2BC15/H2BC6/H2AC20/H2BC11/RPA2/POLD3/H2BC14/H2AC4/RUVBL2/H4C5/H2BC7/H2AZ1/H4C2/H4C1/H4C15/H4C14/RFC4/POLE2/H2BC8/H4C4/H2BC5/H4C3/POLD1/H2AC14/H4C6/H2BC13/H2AC6/RFC1/H2BC4/H2BC12/H2BU1/H2AZ2",54
"R-HSA-69481","G2/M Checkpoints","87/2440","168/10654",2.17456823351174e-16,2.72216405231424e-14,2.22659139699288e-14,"ORC1/CDC25A/MCM2/H2BC10/MCM7/BLM/H2BC17/GTSE1/CDC45/MCM3/MCM5/MDC1/CDC6/TP53/EXO1/PIAS4/TOP3A/RNF168/DNA2/CCNB1/MCM10/RPA1/H2AX/RFC3/RFC5/MCM4/H4C9/CHEK1/ORC2/H2BC9/CDC7/PKMYT1/RFC2/H4C13/PSME3/PSMD11/ORC6/H2BC15/BARD1/H2BC6/BRIP1/TOPBP1/CDC25C/H2BC11/RPA2/NSD2/MCM8/CLSPN/H2BC14/PSMA3/H4C5/H2BC7/H4C2/MCM6/H4C1/H4C15/H4C14/CCNB2/RFC4/H2BC8/H4C4/H2BC5/H4C3/PSMD7/CHEK2/CDK1/BRCA1/PSMA2/ORC4/ORC3/H4C6/RBBP8/H2BC13/DBF4/WRN/H2BC4/RMI1/H2BC12/RHNO1/MRE11/RNF8/H2BU1/CDK2/YWHAG/PSMA5/PSMA6/PSMD10",87
"R-HSA-912446","Meiotic recombination","55/2440","86/10654",3.90159469422439e-16,4.47707991162249e-14,3.66202309019307e-14,"H2BC10/PSMC3IP/BRCA2/BLM/H2BC17/H3C8/TOP3A/RPA1/H2AX/H3C10/H2AC8/H4C9/H3C1/H3C11/H2BC9/H4C13/H3C2/H2BC15/H2BC6/H3C7/H2AC20/H2BC11/RPA2/H3C12/H2BC14/H2AC4/H4C5/MLH3/H2BC7/H2AZ1/H4C2/H4C1/H4C15/H4C14/RAD51/H2BC8/H4C4/H2BC5/H4C3/MND1/BRCA1/H2AC14/H4C6/RBBP8/H2BC13/H2AC6/CDK4/H2BC4/DMC1/H2BC12/MRE11/H2BU1/H3C6/CDK2/H2AZ2",55
"R-HSA-2299718","Condensation of Prophase Chromosomes","49/2440","74/10654",2.02482947454306e-15,2.14476168188138e-13,1.75430569859197e-13,"H2BC10/H2BC17/H3C8/SET/CCNB1/NCAPD3/H2AX/H3C10/H2AC8/NCAPG2/H4C9/H3C1/H3C11/H2BC9/PLK1/H4C13/H3C2/H2BC15/H2BC6/H3C7/H2AC20/H2BC11/H3C12/H2BC14/H2AC4/H4C5/H2BC7/H2AZ1/H4C2/H4C1/H4C15/H4C14/H2BC8/H4C4/H2BC5/H4C3/CDK1/H2AC14/H4C6/H2BC13/PHF8/H2AC6/SMC2/H2BC4/H2BC12/SMC4/H2BU1/H3C6/H2AZ2",49
"R-HSA-73894","DNA Repair","140/2440","334/10654",3.14310863764749e-15,3.09147185288614e-13,2.52866634758106e-13,"H2BC10/FANCA/BRCA2/BLM/H2BC17/FANCG/PAXIP1/UBE2T/RUVBL1/LIG3/MUTYH/MDC1/KPNA2/XRCC2/POLR2H/TP53/CCNA2/EXO1/PIAS4/TOP3A/APEX1/POLE/RNF168/DNA2/RPA1/TERF1/EP300/H2AX/USP7/LIG1/PCLAF/RFC3/POLK/RFC5/H2AC8/TDP1/MSH6/FANCD2/UNG/TIMELESS/FEN1/H4C9/CHEK1/MSH2/H2BC9/INO80D/ACTR5/PARP1/RFC2/H4C13/RAD51AP1/PCNA/KDM4A/FANCI/DTL/H2BC15/BARD1/H2BC6/H2AC20/RIF1/BRIP1/TOPBP1/GTF2H3/H2BC11/POLQ/RPA2/NSD2/POLD3/FANCF/CLSPN/SMARCA5/MAD2L2/H2BC14/FANCL/H2AC4/H4C5/H2BC7/H2AZ1/INO80C/H4C2/PALB2/RAD18/CUL4B/H4C1/H4C15/H4C14/RAD51/XRCC5/RFC4/POLE2/H2BC8/H4C4/PRPF19/H2BC5/TIPIN/H4C3/PRKDC/POLD1/CHEK2/POLR2D/XRCC1/BRCA1/AQR/CCNA1/EYA3/GEN1/USP10/H2AC14/H4C6/RBBP8/H2BC13/POLR2B/EME1/H2AC6/POLB/PARP2/USP1/WRN/FANCM/RFC1/H2BC4/RMI1/XRCC6/H2BC12/NEIL3/DCLRE1A/RHNO1/MRE11/ACTL6A/FANCE/LIG4/RCHY1/PIAS3/COPS4/RNF8/FANCB/H2BU1/RAD51B/CDK2/H2AZ2",140
"R-HSA-68877","Mitotic Prometaphase","96/2440","200/10654",3.6068486905495e-15,3.31108709792444e-13,2.70830042027226e-13,"CDCA5/HAUS4/AURKB/CENPP/TUBB4A/CCNB1/SPC25/NCAPH/ALMS1/TUBB2B/NCAPG/CENPI/INCENP/NINL/CEP72/NUP37/NEK2/PPP1CC/CENPA/ZWINT/CDC20/PRKAR2B/PLK1/BIRC5/CENPJ/CENPK/CENPU/SMC1A/RCC2/HAUS8/MAD2L1/CENPO/CEP78/NUP160/TUBB/ERCC6L/BUB1/ZWILCH/NCAPD2/KNL1/CENPF/NSL1/XPO1/SGO1/CEP135/PPP2R1B/NUP107/CCNB2/SKA1/RANGAP1/NUP85/NUF2/KNTC1/TUBGCP4/NUP43/SMC3/MIS12/PLK4/HAUS1/KIF2A/CDK1/ITGB3BP/CEP152/FGFR1OP/KIF2C/TUBB2A/CLASP2/SGO2/CENPN/NDC80/TUBG1/NUDC/HAUS6/SMC2/ZW10/NUP133/CENPQ/CEP57/DSN1/CDCA8/KIF18A/CENPE/SMC4/CKAP5/CENPH/STAG1/SPC24/CEP76/PCM1/CENPL/BUB3/CSNK1D/YWHAG/CEP290/RANBP2/CEP70",96
"R-HSA-73884","Base Excision Repair","56/2440","92/10654",5.10445699208396e-15,4.39302329881226e-13,3.59326906679594e-13,"H2BC10/H2BC17/LIG3/MUTYH/APEX1/POLE/RPA1/TERF1/H2AX/LIG1/RFC3/RFC5/H2AC8/UNG/FEN1/H4C9/H2BC9/PARP1/RFC2/H4C13/PCNA/H2BC15/H2BC6/H2AC20/H2BC11/RPA2/POLD3/H2BC14/H2AC4/H4C5/H2BC7/H2AZ1/H4C2/H4C1/H4C15/H4C14/RFC4/POLE2/H2BC8/H4C4/H2BC5/H4C3/POLD1/XRCC1/H2AC14/H4C6/H2BC13/H2AC6/POLB/PARP2/RFC1/H2BC4/H2BC12/NEIL3/H2BU1/H2AZ2",56
"R-HSA-212300","PRC2 methylates histones and DNA","48/2440","73/10654",5.95151352788372e-15,4.82072595758581e-13,3.94310803395392e-13,"DNMT3B/H2BC10/H2BC17/JARID2/H3C8/DNMT1/H2AX/H3C10/H2AC8/H4C9/H3C1/H3C11/H2BC9/H4C13/H3C2/MTF2/H2BC15/EZH2/H2BC6/H3C7/H2AC20/H2BC11/H3C12/H2BC14/H2AC4/H4C5/H2BC7/H2AZ1/H4C2/RBBP4/H4C1/H4C15/H4C14/H2BC8/H4C4/H2BC5/H4C3/AEBP2/H2AC14/H4C6/H2BC13/H2AC6/H2BC4/H2BC12/SUZ12/H2BU1/H3C6/H2AZ2",48
"R-HSA-72203","Processing of Capped Intron-Containing Pre-mRNA","110/2440","244/10654",8.75750716376177e-15,6.69949298027776e-13,5.47984366387433e-13,"NDC1/WBP11/THOC6/POLR2H/SRRT/CPSF4/DHX15/SRSF2/DDX39A/CHERP/NUP155/SRRM1/NUP188/LSM4/NUP37/METTL3/PTBP1/LSM2/NUP35/HNRNPA0/CPSF2/NUP50/NUP153/NUP205/SF3A1/NUP88/RNPS1/HNRNPD/SNRNP25/HNRNPU/HNRNPL/NUP93/TRA2B/NUP210/EFTUD2/NCBP1/HNRNPR/NUP160/CSTF2/CPSF3/HNRNPM/LSM5/SF3B3/NUP54/WDR33/SNRPA/NUDT21/SRSF7/NUP107/ALYREF/ELAVL2/NUP85/SNRNP40/SNRNP200/DDX46/HNRNPH1/PRPF19/SNRPB/PRPF38A/PPIL1/SNRNP70/NUP43/MTREX/PPIH/DDX23/POLR2D/SRSF1/DHX9/AQR/CHTOP/U2SURP/HNRNPF/SF3A3/THOC1/POLR2B/CCAR1/FUS/U2AF1/SNRPG/SNRPF/PCF11/ELAVL1/NUP133/SRSF11/SNRPE/CSTF3/SF3A2/PRPF4/CWC22/HNRNPA2B1/PHF5A/SRSF10/PRPF40A/SNRPD1/CWC27/SYF2/EIF4A3/ZC3H11A/PAPOLA/LSM6/UPF3B/SLU7/SRSF3/LSM8/ZCRB1/RBM8A/CWC15/RANBP2/HNRNPA1/LSM3",110
"R-HSA-5693567","HDR through Homologous Recombination (HRR) or Single Strand Annealing (SSA)","71/2440","132/10654",1.0135414956759e-14,7.345508629188e-13,6.00825152561339e-13,"H2BC10/BRCA2/BLM/H2BC17/MDC1/XRCC2/CCNA2/EXO1/PIAS4/TOP3A/POLE/RNF168/DNA2/RPA1/H2AX/RFC3/POLK/RFC5/TIMELESS/H4C9/CHEK1/H2BC9/RFC2/H4C13/RAD51AP1/PCNA/H2BC15/BARD1/H2BC6/BRIP1/TOPBP1/H2BC11/RPA2/NSD2/POLD3/CLSPN/H2BC14/H4C5/H2BC7/H4C2/PALB2/H4C1/H4C15/H4C14/RAD51/RFC4/POLE2/H2BC8/H4C4/H2BC5/TIPIN/H4C3/POLD1/BRCA1/CCNA1/GEN1/H4C6/RBBP8/H2BC13/EME1/WRN/RFC1/H2BC4/RMI1/H2BC12/RHNO1/MRE11/RNF8/H2BU1/RAD51B/CDK2",71
"R-HSA-69190","DNA strand elongation","28/2440","32/10654",1.41478259068237e-14,9.74077813684815e-13,7.96745985279022e-13,"MCM2/POLA2/MCM7/CDC45/MCM3/MCM5/PRIM1/GINS4/GINS1/DNA2/RPA1/LIG1/RFC3/RFC5/POLA1/MCM4/FEN1/RFC2/PCNA/RPA2/MCM8/POLD3/MCM6/RFC4/GINS2/POLD1/RFC1/GINS3",28
"R-HSA-3214815","HDACs deacetylate histones","56/2440","94/10654",1.92649309393104e-14,1.2632290430205e-12,1.03325694762216e-12,"H2BC10/H2BC17/H3C8/H2AC16/MTA1/H3C10/H2AC8/H2AC21/H4C9/CHD4/KDM1A/H3C1/H3C11/H2BC9/H2AW/H4C13/H3C2/H2BC15/H2BC6/H3C7/H2AC20/SUDS3/H2BC11/H3C12/HDAC2/H2BC14/H2AC4/H4C5/H2BC7/H2AC11/H4C2/RBBP4/H2AC12/H4C1/H4C15/H4C14/H2BC8/H4C4/H2BC5/H4C3/H2AC15/MTA3/HDAC3/H2AC17/H2AC13/H2AC14/H4C6/H2BC13/H2AC6/H2BC4/SAP18/GATAD2A/H2BC12/H2BU1/H3C6/ARID4A",56
"R-HSA-69473","G2/M DNA damage checkpoint","56/2440","95/10654",3.65619564031914e-14,2.28844608941793e-12,1.87183221777104e-12,"H2BC10/BLM/H2BC17/MDC1/TP53/EXO1/PIAS4/TOP3A/RNF168/DNA2/CCNB1/RPA1/H2AX/RFC3/RFC5/H4C9/CHEK1/H2BC9/RFC2/H4C13/H2BC15/BARD1/H2BC6/BRIP1/TOPBP1/CDC25C/H2BC11/RPA2/NSD2/H2BC14/H4C5/H2BC7/H4C2/H4C1/H4C15/H4C14/RFC4/H2BC8/H4C4/H2BC5/H4C3/CHEK2/CDK1/BRCA1/H4C6/RBBP8/H2BC13/WRN/H2BC4/RMI1/H2BC12/RHNO1/MRE11/RNF8/H2BU1/YWHAG",56
"R-HSA-212165","Epigenetic regulation of gene expression","76/2440","149/10654",4.98428008476229e-14,2.98406681596420e-12,2.44081450375087e-12,"DNMT3B/H2BC10/H2BC17/JARID2/H3C8/EHMT2/SAP130/POLR2H/DNMT1/MYBBP1A/TET1/BAZ2A/DDX21/MTA1/EP300/H2AX/H3C10/H2AC8/H4C9/CHD4/H3C1/H3C11/H2BC9/H4C13/H3C2/MTF2/SIN3A/H2BC15/EZH2/H2BC6/H3C7/POLR1A/H2AC20/SUDS3/GTF2H3/SUV39H1/H2BC11/SIRT1/SMARCA5/H3C12/HDAC2/H2BC14/H2AC4/CD3EAP/H4C5/H2BC7/H2AZ1/H4C2/TBP/RBBP4/POLR1B/H4C1/H4C15/H4C14/H2BC8/H4C4/H2BC5/H4C3/AEBP2/MTA3/H2AC14/H4C6/H2BC13/TAF1A/H2AC6/TTF1/ZNRD1/H2BC4/SAP18/GATAD2A/H2BC12/TET2/SUZ12/H2BU1/H3C6/H2AZ2",76
"R-HSA-427389","ERCC6 (CSB) and EHMT2 (G9a) positively regulate rRNA expression","48/2440","76/10654",6.04512109033719e-14,3.46838822558096e-12,2.83696472221965e-12,"H2BC10/H2BC17/H3C8/EHMT2/MTA1/H2AX/H3C10/H2AC8/H4C9/CHD4/H3C1/H3C11/H2BC9/H4C13/H3C2/H2BC15/H2BC6/H3C7/H2AC20/H2BC11/H3C12/HDAC2/H2BC14/H2AC4/H4C5/H2BC7/H2AZ1/H4C2/RBBP4/H4C1/H4C15/H4C14/H2BC8/H4C4/H2BC5/H4C3/MTA3/H2AC14/H4C6/H2BC13/H2AC6/TTF1/H2BC4/GATAD2A/H2BC12/H2BU1/H3C6/H2AZ2",48
"R-HSA-141424","Amplification of signal from the kinetochores","56/2440","96/10654",6.83672940319603e-14,3.62083707238497e-12,2.96166010583796e-12,"AURKB/CENPP/SPC25/CENPI/INCENP/NUP37/PPP1CC/CENPA/ZWINT/CDC20/PLK1/BIRC5/CENPK/CENPU/RCC2/MAD2L1/CENPO/NUP160/ERCC6L/BUB1/ZWILCH/KNL1/CENPF/NSL1/XPO1/SGO1/PPP2R1B/NUP107/SKA1/RANGAP1/NUP85/NUF2/KNTC1/NUP43/MIS12/KIF2A/ITGB3BP/KIF2C/CLASP2/SGO2/CENPN/NDC80/NUDC/ZW10/NUP133/CENPQ/DSN1/CDCA8/KIF18A/CENPE/CKAP5/CENPH/SPC24/CENPL/BUB3/RANBP2",56
"R-HSA-141444","Amplification  of signal from unattached  kinetochores via a MAD2  inhibitory signal","56/2440","96/10654",6.83672940319603e-14,3.62083707238497e-12,2.96166010583796e-12,"AURKB/CENPP/SPC25/CENPI/INCENP/NUP37/PPP1CC/CENPA/ZWINT/CDC20/PLK1/BIRC5/CENPK/CENPU/RCC2/MAD2L1/CENPO/NUP160/ERCC6L/BUB1/ZWILCH/KNL1/CENPF/NSL1/XPO1/SGO1/PPP2R1B/NUP107/SKA1/RANGAP1/NUP85/NUF2/KNTC1/NUP43/MIS12/KIF2A/ITGB3BP/KIF2C/CLASP2/SGO2/CENPN/NDC80/NUDC/ZW10/NUP133/CENPQ/DSN1/CDCA8/KIF18A/CENPE/CKAP5/CENPH/SPC24/CENPL/BUB3/RANBP2",56
"R-HSA-211000","Gene Silencing by RNA","71/2440","136/10654",7.51497868306852e-14,3.83263912836495e-12,3.1349033882586e-12,"H2BC10/NDC1/H2BC17/AGO2/H3C8/POLR2H/NUP155/NUP188/H2AX/H3C10/H2AC8/NUP37/H4C9/TNRC6C/H3C1/H3C11/H2BC9/TDRKH/H4C13/NUP35/NUP50/H3C2/NUP153/NUP205/NUP88/H2BC15/H2BC6/H3C7/H2AC20/H2BC11/NUP93/NUP210/NUP160/H3C12/H2BC14/H2AC4/H4C5/H2BC7/H2AZ1/H4C2/XPO5/NUP54/NUP107/H4C1/H4C15/H4C14/NUP85/H2BC8/H4C4/DICER1/H2BC5/H4C3/NUP43/TNRC6A/POLR2D/PIWIL2/DROSHA/H2AC14/H4C6/H2BC13/POLR2B/H2AC6/NUP133/H2BC4/H2BC12/RAN/FKBP6/H2BU1/H3C6/RANBP2/H2AZ2",71
"R-HSA-195258","RHO GTPase Effectors","134/2440","327/10654",1.01385357681404e-13,4.9859870545462e-12,4.07828318492867e-12,"CYFIP2/H2BC10/H2BC17/PRKCZ/IQGAP2/H3C8/PAK3/AR/CDH1/AURKB/RTKN/CENPP/TUBB4A/SPC25/ITGB1/TUBB2B/H2AX/H3C10/CENPI/INCENP/H2AC8/NUP37/PPP1CC/H4C9/NCK1/KDM1A/CENPA/ZWINT/H3C1/H3C11/H2BC9/CDC20/PLK1/ABI2/BIRC5/H4C13/CENPK/H3C2/CENPU/PAK1/H2BC15/KIF14/H2BC6/RCC2/PRKCB/H3C7/H2AC20/SCAI/CDC25C/H2BC11/WIPF3/MAD2L1/CENPO/NUP160/BRK1/ERCC6L/H3C12/BUB1/ZWILCH/H2BC14/H2AC4/KNL1/H4C5/H2BC7/H2AZ1/CENPF/H4C2/KIF5A/NSL1/XPO1/SGO1/PPP2R1B/CALM2/NUP107/H4C1/FLNA/H4C15/H4C14/SKA1/RANGAP1/NUP85/PRC1/NUF2/MYL12B/H2BC8/H4C4/H2BC5/H4C3/KNTC1/NUP43/MIS12/RHPN2/KIF2A/ITGB3BP/CFTR/KIF2C/TUBB2A/CLASP2/H2AC14/H4C6/SGO2/CIT/H2BC13/CENPN/NDC80/NUDC/H2AC6/WASF2/ZW10/NUP133/H2BC4/CENPQ/GOPC/DSN1/IQGAP3/H2BC12/CDCA8/KIF18A/CENPE/CKAP5/PIK3R4/CENPH/SPC24/CENPL/H2BU1/H3C6/ROCK1/BUB3/YWHAG/RAC1/KDM4C/RANBP2/KTN1/H2AZ2",134
"R-HSA-1500620","Meiosis","64/2440","118/10654",1.25826870167656e-13,5.97460690416769e-12,4.88692381413403e-12,"H2BC10/PSMC3IP/BRCA2/BLM/H2BC17/H3C8/LMNB1/TOP3A/RPA1/TERF1/H2AX/H3C10/H2AC8/H4C9/H3C1/H3C11/H2BC9/H4C13/H3C2/SMC1A/H2BC15/H2BC6/H3C7/H2AC20/H2BC11/RPA2/H3C12/H2BC14/H2AC4/H4C5/MLH3/H2BC7/H2AZ1/H4C2/DIDO1/H4C1/H4C15/H4C14/RAD51/SYNE2/H2BC8/H4C4/REC8/H2BC5/H4C3/MND1/SMC3/BRCA1/H2AC14/H4C6/RBBP8/H2BC13/H2AC6/CDK4/H2BC4/DMC1/H2BC12/MRE11/FKBP6/STAG1/H2BU1/H3C6/CDK2/H2AZ2",64
"R-HSA-2559586","DNA Damage/Telomere Stress Induced Senescence","49/2440","80/10654",1.8510232095106e-13,8.49619653165365e-12,6.94945555851348e-12,"HMGA1/H2BC10/H2BC17/TP53/LMNB1/CCNA2/CCNE1/TERF1/H2AX/H2AC8/H4C9/H2BC9/H4C13/H1-5/H2BC15/H2BC6/H2AC20/H2BC11/H2BC14/H2AC4/H4C5/H2BC7/H2AZ1/H4C2/H4C1/H4C15/H4C14/H1-3/H1-1/H2BC8/H4C4/H2BC5/H4C3/H1-4/HMGA2/CCNA1/CABIN1/H2AC14/H4C6/H2BC13/H2AC6/H1-2/H2BC4/H2BC12/MRE11/H2BU1/CDK2/H2AZ2/CCNE2",49
"R-HSA-427359","SIRT1 negatively regulates rRNA expression","44/2440","68/10654",1.91679358750462e-13,8.51427345159312e-12,6.96424155731731e-12,"H2BC10/H2BC17/H3C8/H2AX/H3C10/H2AC8/H4C9/H3C1/H3C11/H2BC9/H4C13/H3C2/H2BC15/H2BC6/H3C7/H2AC20/SUV39H1/H2BC11/SIRT1/H3C12/H2BC14/H2AC4/H4C5/H2BC7/H2AZ1/H4C2/TBP/H4C1/H4C15/H4C14/H2BC8/H4C4/H2BC5/H4C3/H2AC14/H4C6/H2BC13/TAF1A/H2AC6/H2BC4/H2BC12/H2BU1/H3C6/H2AZ2",44
"R-HSA-5693607","Processing of DNA double-strand break ends","56/2440","98/10654",2.29109715573658e-13,9.85887744827896e-12,8.06405906788861e-12,"H2BC10/BLM/H2BC17/MDC1/CCNA2/EXO1/PIAS4/TOP3A/RNF168/DNA2/RPA1/H2AX/RFC3/RFC5/TIMELESS/H4C9/CHEK1/H2BC9/RFC2/H4C13/H2BC15/BARD1/H2BC6/BRIP1/TOPBP1/H2BC11/RPA2/NSD2/CLSPN/H2BC14/H4C5/H2BC7/H4C2/H4C1/H4C15/H4C14/RFC4/H2BC8/H4C4/H2BC5/TIPIN/H4C3/BRCA1/CCNA1/H4C6/RBBP8/H2BC13/WRN/H2BC4/RMI1/H2BC12/RHNO1/MRE11/RNF8/H2BU1/CDK2",56
"R-HSA-5250913","Positive epigenetic regulation of rRNA expression","59/2440","106/10654",2.52842891541757e-13,1.05504442925151e-11,8.62972548483829e-12,"H2BC10/H2BC17/H3C8/EHMT2/POLR2H/MYBBP1A/DDX21/MTA1/EP300/H2AX/H3C10/H2AC8/H4C9/CHD4/H3C1/H3C11/H2BC9/H4C13/H3C2/H2BC15/H2BC6/H3C7/POLR1A/H2AC20/H2BC11/SMARCA5/H3C12/HDAC2/H2BC14/H2AC4/CD3EAP/H4C5/H2BC7/H2AZ1/H4C2/TBP/RBBP4/POLR1B/H4C1/H4C15/H4C14/H2BC8/H4C4/H2BC5/H4C3/MTA3/H2AC14/H4C6/H2BC13/TAF1A/H2AC6/TTF1/ZNRD1/H2BC4/GATAD2A/H2BC12/H2BU1/H3C6/H2AZ2",59
"R-HSA-3247509","Chromatin modifying enzymes","116/2440","274/10654",3.53245542667576e-13,1.38976889215215e-11,1.1367600921934e-11,"H2BC10/H2BC17/SMARCC1/H3C8/ARID1A/RUVBL1/EHMT2/SAP130/HCFC1/H2AC16/SETD6/WDR77/SMARCD1/PRMT7/MTA1/EP300/H2AX/H3C10/SUV39H2/H2AC8/H2AC21/H4C9/CHD4/KDM1A/H3C1/JADE2/H3C11/H2BC9/H2AW/H4C13/KMT2D/H3C2/KDM4A/H2BC15/EZH2/H2BC6/H3C7/H2AC20/SUDS3/SUV39H1/H2BC11/NSD2/JADE1/RELA/EHMT1/H3C12/HDAC2/H2BC14/H2AC4/RUVBL2/TADA1/KDM2B/H4C5/H2BC7/H2AZ1/PRMT5/H2AC11/H4C2/YEATS4/RBBP4/KDM6A/NSD1/H2AC12/H4C1/H4C15/H4C14/KDM5B/KMT2A/H2BC8/H4C4/JADE3/H2BC5/H4C3/KDM3B/SMARCA4/H2AC15/ATF7IP/YEATS2/AEBP2/MTA3/HDAC3/H2AC17/DOT1L/H2AC13/ARID2/H2AC14/PRMT1/H4C6/H2BC13/PHF8/KANSL1/UTY/H2AC6/BRWD1/DPY30/PRMT6/CDK4/KDM5A/KAT7/H2BC4/SAP18/SETDB1/GATAD2A/H2BC12/WDR5/ACTL6A/PRMT3/SUZ12/HAT1/H2BU1/H3C6/ARID4A/PHF20/KDM4C/H2AZ2/TAF12",116
"R-HSA-4839726","Chromatin organization","116/2440","274/10654",3.53245542667576e-13,1.38976889215215e-11,1.1367600921934e-11,"H2BC10/H2BC17/SMARCC1/H3C8/ARID1A/RUVBL1/EHMT2/SAP130/HCFC1/H2AC16/SETD6/WDR77/SMARCD1/PRMT7/MTA1/EP300/H2AX/H3C10/SUV39H2/H2AC8/H2AC21/H4C9/CHD4/KDM1A/H3C1/JADE2/H3C11/H2BC9/H2AW/H4C13/KMT2D/H3C2/KDM4A/H2BC15/EZH2/H2BC6/H3C7/H2AC20/SUDS3/SUV39H1/H2BC11/NSD2/JADE1/RELA/EHMT1/H3C12/HDAC2/H2BC14/H2AC4/RUVBL2/TADA1/KDM2B/H4C5/H2BC7/H2AZ1/PRMT5/H2AC11/H4C2/YEATS4/RBBP4/KDM6A/NSD1/H2AC12/H4C1/H4C15/H4C14/KDM5B/KMT2A/H2BC8/H4C4/JADE3/H2BC5/H4C3/KDM3B/SMARCA4/H2AC15/ATF7IP/YEATS2/AEBP2/MTA3/HDAC3/H2AC17/DOT1L/H2AC13/ARID2/H2AC14/PRMT1/H4C6/H2BC13/PHF8/KANSL1/UTY/H2AC6/BRWD1/DPY30/PRMT6/CDK4/KDM5A/KAT7/H2BC4/SAP18/SETDB1/GATAD2A/H2BC12/WDR5/ACTL6A/PRMT3/SUZ12/HAT1/H2BU1/H3C6/ARID4A/PHF20/KDM4C/H2AZ2/TAF12",116
"R-HSA-2500257","Resolution of Sister Chromatid Cohesion","66/2440","126/10654",4.63726675116294e-13,1.77375453231983e-11,1.45084076717671e-11,"CDCA5/AURKB/CENPP/TUBB4A/CCNB1/SPC25/TUBB2B/CENPI/INCENP/NUP37/PPP1CC/CENPA/ZWINT/CDC20/PLK1/BIRC5/CENPK/CENPU/SMC1A/RCC2/MAD2L1/CENPO/NUP160/ERCC6L/BUB1/ZWILCH/KNL1/CENPF/NSL1/XPO1/SGO1/PPP2R1B/NUP107/CCNB2/SKA1/RANGAP1/NUP85/NUF2/KNTC1/NUP43/SMC3/MIS12/KIF2A/CDK1/ITGB3BP/KIF2C/TUBB2A/CLASP2/SGO2/CENPN/NDC80/NUDC/ZW10/NUP133/CENPQ/DSN1/CDCA8/KIF18A/CENPE/CKAP5/CENPH/STAG1/SPC24/CENPL/BUB3/RANBP2",66
"R-HSA-3214858","RMTs methylate histone arginines","48/2440","79/10654",5.03479487694191e-13,1.87376014744568e-11,1.5326402612597e-11,"SMARCC1/H3C8/ARID1A/H2AC16/WDR77/SMARCD1/PRMT7/H2AX/H3C10/H2AC8/H2AC21/H4C9/H3C1/H3C11/H2AW/H4C13/H3C2/H3C7/H2AC20/H3C12/H2AC4/H4C5/H2AZ1/PRMT5/H2AC11/H4C2/H2AC12/H4C1/H4C15/H4C14/H4C4/H4C3/SMARCA4/H2AC15/H2AC17/H2AC13/ARID2/H2AC14/PRMT1/H4C6/H2AC6/PRMT6/CDK4/WDR5/ACTL6A/PRMT3/H3C6/H2AZ2",48
"R-HSA-5250941","Negative epigenetic regulation of rRNA expression","60/2440","110/10654",5.27423478124094e-13,1.91121612993915e-11,1.56327734513236e-11,"DNMT3B/H2BC10/H2BC17/H3C8/SAP130/POLR2H/DNMT1/BAZ2A/H2AX/H3C10/H2AC8/H4C9/H3C1/H3C11/H2BC9/H4C13/H3C2/SIN3A/H2BC15/H2BC6/H3C7/POLR1A/H2AC20/SUDS3/GTF2H3/SUV39H1/H2BC11/SIRT1/SMARCA5/H3C12/HDAC2/H2BC14/H2AC4/CD3EAP/H4C5/H2BC7/H2AZ1/H4C2/TBP/POLR1B/H4C1/H4C15/H4C14/H2BC8/H4C4/H2BC5/H4C3/H2AC14/H4C6/H2BC13/TAF1A/H2AC6/TTF1/ZNRD1/H2BC4/SAP18/H2BC12/H2BU1/H3C6/H2AZ2",60
"R-HSA-5625886","Activated PKN1 stimulates transcription of AR (androgen receptor) regulated genes KLK2 and KLK3","43/2440","67/10654",5.50086047043657e-13,1.94222688917722e-11,1.58864256501137e-11,"H2BC10/H2BC17/H3C8/AR/H2AX/H3C10/H2AC8/H4C9/KDM1A/H3C1/H3C11/H2BC9/H4C13/H3C2/H2BC15/H2BC6/H3C7/H2AC20/H2BC11/H3C12/H2BC14/H2AC4/H4C5/H2BC7/H2AZ1/H4C2/H4C1/H4C15/H4C14/H2BC8/H4C4/H2BC5/H4C3/H2AC14/H4C6/H2BC13/H2AC6/H2BC4/H2BC12/H2BU1/H3C6/KDM4C/H2AZ2",43
"R-HSA-5334118","DNA methylation","42/2440","65/10654",7.30151577972026e-13,2.5135468071687e-11,2.05595312744755e-11,"DNMT3B/H2BC10/H2BC17/H3C8/DNMT1/H2AX/H3C10/H2AC8/H4C9/H3C1/H3C11/H2BC9/H4C13/H3C2/H2BC15/H2BC6/H3C7/H2AC20/H2BC11/H3C12/H2BC14/H2AC4/H4C5/H2BC7/H2AZ1/H4C2/H4C1/H4C15/H4C14/H2BC8/H4C4/H2BC5/H4C3/H2AC14/H4C6/H2BC13/H2AC6/H2BC4/H2BC12/H2BU1/H3C6/H2AZ2",42
"R-HSA-68962","Activation of the pre-replicative complex","27/2440","33/10654",1.17283669396152e-12,3.93901494532931e-11,3.22191338264141e-11,"ORC1/MCM2/CDT1/POLA2/MCM7/CDC45/MCM3/MCM5/CDC6/PRIM1/POLE/MCM10/RPA1/POLA1/MCM4/ORC2/CDC7/ORC6/RPA2/MCM8/GMNN/MCM6/POLE2/ORC4/ORC3/DBF4/CDK2",27
"R-HSA-69618","Mitotic Spindle Checkpoint","60/2440","112/10654",1.50074343682319e-12,4.92029455358461e-11,4.02455006867372e-11,"AURKB/UBE2C/CENPP/SPC25/CENPI/INCENP/NUP37/PPP1CC/CENPA/ZWINT/CDC20/PLK1/BIRC5/CENPK/CENPU/RCC2/MAD2L1/CENPO/NUP160/ERCC6L/BUB1/ZWILCH/KNL1/ANAPC7/CENPF/NSL1/XPO1/SGO1/PPP2R1B/NUP107/SKA1/RANGAP1/NUP85/NUF2/KNTC1/NUP43/MIS12/KIF2A/ITGB3BP/KIF2C/CLASP2/SGO2/CENPN/NDC80/CDC27/NUDC/ANAPC1/ZW10/NUP133/CENPQ/DSN1/CDCA8/KIF18A/CENPE/CKAP5/CENPH/SPC24/CENPL/BUB3/RANBP2",60
"R-HSA-427413","NoRC negatively regulates rRNA expression","58/2440","107/10654",1.83362016094151e-12,5.87184874794525e-11,4.8028728817807e-11,"DNMT3B/H2BC10/H2BC17/H3C8/SAP130/POLR2H/DNMT1/BAZ2A/H2AX/H3C10/H2AC8/H4C9/H3C1/H3C11/H2BC9/H4C13/H3C2/SIN3A/H2BC15/H2BC6/H3C7/POLR1A/H2AC20/SUDS3/GTF2H3/H2BC11/SMARCA5/H3C12/HDAC2/H2BC14/H2AC4/CD3EAP/H4C5/H2BC7/H2AZ1/H4C2/TBP/POLR1B/H4C1/H4C15/H4C14/H2BC8/H4C4/H2BC5/H4C3/H2AC14/H4C6/H2BC13/TAF1A/H2AC6/TTF1/ZNRD1/H2BC4/SAP18/H2BC12/H2BU1/H3C6/H2AZ2",58
"R-HSA-72163","mRNA Splicing - Major Pathway","84/2440","183/10654",4.11141476831956e-12,1.28668593999455e-10,1.05244349332582e-10,"WBP11/POLR2H/SRRT/CPSF4/DHX15/SRSF2/CHERP/SRRM1/LSM4/PTBP1/LSM2/HNRNPA0/CPSF2/SF3A1/RNPS1/HNRNPD/HNRNPU/HNRNPL/TRA2B/EFTUD2/NCBP1/HNRNPR/CSTF2/CPSF3/HNRNPM/LSM5/SF3B3/WDR33/SNRPA/NUDT21/SRSF7/ALYREF/ELAVL2/SNRNP40/SNRNP200/DDX46/HNRNPH1/PRPF19/SNRPB/PRPF38A/PPIL1/SNRNP70/MTREX/PPIH/DDX23/POLR2D/SRSF1/DHX9/AQR/U2SURP/HNRNPF/SF3A3/POLR2B/CCAR1/FUS/U2AF1/SNRPG/SNRPF/PCF11/ELAVL1/SRSF11/SNRPE/CSTF3/SF3A2/PRPF4/CWC22/HNRNPA2B1/PHF5A/SRSF10/PRPF40A/SNRPD1/CWC27/SYF2/EIF4A3/PAPOLA/LSM6/UPF3B/SLU7/SRSF3/LSM8/RBM8A/CWC15/HNRNPA1/LSM3",84
"R-HSA-73728","RNA Polymerase I Promoter Opening","40/2440","63/10654",5.94068806422038e-12,1.81785054765144e-10,1.48690905934873e-10,"H2BC10/H2BC17/H3C8/H2AX/H3C10/H2AC8/H4C9/H3C1/H3C11/H2BC9/H4C13/H3C2/H2BC15/H2BC6/H3C7/H2AC20/H2BC11/H3C12/H2BC14/H2AC4/H4C5/H2BC7/H2AZ1/H4C2/H4C1/H4C15/H4C14/H2BC8/H4C4/H2BC5/H4C3/H2AC14/H4C6/H2BC13/H2AC6/H2BC4/H2BC12/H2BU1/H3C6/H2AZ2",40
"R-HSA-5250924","B-WICH complex positively regulates rRNA expression","51/2440","91/10654",7.42545895084531e-12,2.22279499463348e-10,1.81813296965778e-10,"H2BC10/H2BC17/H3C8/POLR2H/MYBBP1A/DDX21/EP300/H2AX/H3C10/H2AC8/H4C9/H3C1/H3C11/H2BC9/H4C13/H3C2/H2BC15/H2BC6/H3C7/POLR1A/H2AC20/H2BC11/SMARCA5/H3C12/H2BC14/H2AC4/CD3EAP/H4C5/H2BC7/H2AZ1/H4C2/TBP/POLR1B/H4C1/H4C15/H4C14/H2BC8/H4C4/H2BC5/H4C3/H2AC14/H4C6/H2BC13/TAF1A/H2AC6/ZNRD1/H2BC4/H2BC12/H2BU1/H3C6/H2AZ2",51
"R-HSA-72172","mRNA Splicing","86/2440","191/10654",8.28152075378918e-12,2.426309378291e-10,1.9845973586908e-10,"WBP11/POLR2H/SRRT/CPSF4/DHX15/SRSF2/CHERP/SRRM1/LSM4/PTBP1/LSM2/HNRNPA0/CPSF2/SF3A1/RNPS1/HNRNPD/SNRNP25/HNRNPU/HNRNPL/TRA2B/EFTUD2/NCBP1/HNRNPR/CSTF2/CPSF3/HNRNPM/LSM5/SF3B3/WDR33/SNRPA/NUDT21/SRSF7/ALYREF/ELAVL2/SNRNP40/SNRNP200/DDX46/HNRNPH1/PRPF19/SNRPB/PRPF38A/PPIL1/SNRNP70/MTREX/PPIH/DDX23/POLR2D/SRSF1/DHX9/AQR/U2SURP/HNRNPF/SF3A3/POLR2B/CCAR1/FUS/U2AF1/SNRPG/SNRPF/PCF11/ELAVL1/SRSF11/SNRPE/CSTF3/SF3A2/PRPF4/CWC22/HNRNPA2B1/PHF5A/SRSF10/PRPF40A/SNRPD1/CWC27/SYF2/EIF4A3/PAPOLA/LSM6/UPF3B/SLU7/SRSF3/LSM8/ZCRB1/RBM8A/CWC15/HNRNPA1/LSM3",86
"R-HSA-176187","Activation of ATR in response to replication stress","28/2440","37/10654",1.4238272636704e-11,4.08460446265447e-10,3.34099818448976e-10,"ORC1/CDC25A/MCM2/MCM7/CDC45/MCM3/MCM5/CDC6/MCM10/RPA1/RFC3/RFC5/MCM4/CHEK1/ORC2/CDC7/RFC2/ORC6/CDC25C/RPA2/MCM8/CLSPN/MCM6/RFC4/ORC4/ORC3/DBF4/CDK2",28
"R-HSA-1912408","Pre-NOTCH Transcription and Translation","51/2440","93/10654",2.24109846552656e-11,6.29794405516341e-10,5.15139711732206e-10,"H2BC10/H2BC17/AGO2/H3C8/RBPJ/TP53/EP300/H2AX/H3C10/H2AC8/TFDP2/H4C9/TNRC6C/H3C1/H3C11/H2BC9/H4C13/H3C2/E2F3/H2BC15/H2BC6/H3C7/H2AC20/H2BC11/H3C12/H2BC14/H2AC4/H4C5/H2BC7/H2AZ1/H4C2/H4C1/H4C15/H4C14/H2BC8/H4C4/H2BC5/PRKCI/H4C3/TNRC6A/H2AC14/H4C6/H2BC13/H2AC6/H2BC4/ELF3/H2BC12/NOTCH1/H2BU1/H3C6/H2AZ2",51
"R-HSA-9018519","Estrogen-dependent gene expression","71/2440","150/10654",3.27751247484548e-11,9.02626935572446e-10,7.38302810123088e-10,"CXCL12/H2BC10/POU2F1/H2BC17/AGO2/H3C8/KPNA2/POLR2H/EP300/H2AX/H3C10/H2AC8/H4C9/KDM1A/TNRC6C/H3C1/H3C11/H2BC9/USF1/H4C13/GREB1/H3C2/SMC1A/H2BC15/FOSB/FOS/H2BC6/H3C7/H2AC20/H2BC11/FKBP4/MYB/H3C12/H2BC14/H2AC4/HSP90AB1/H4C5/H2BC7/H2AZ1/H4C2/TBP/H4C1/H4C15/H4C14/PTGES3/H2BC8/H4C4/H2BC5/H4C3/SMC3/TNRC6A/POLR2D/H2AC14/PRMT1/H4C6/H2BC13/POLR2B/NRIP1/NR5A2/H2AC6/CHD1/H2BC4/H2BC12/JUND/STAG1/CTSD/H2BU1/H3C6/CCNT1/ZNF217/H2AZ2",71
"R-HSA-69306","DNA Replication","62/2440","127/10654",1.1634047005651e-10,3.11724494110659e-09,2.54974741962623e-09,"ORC1/MCM2/CDT1/POLA2/MCM7/CDC45/MCM3/MCM5/CDC6/PRIM1/CCNA2/CCNE1/UBE2C/GINS4/POLE/GINS1/DNA2/MCM10/RPA1/LIG1/RFC3/RFC5/POLA1/MCM4/FEN1/ORC2/CDC7/RFC2/PCNA/PSME3/E2F2/PSMD11/E2F3/ORC6/RPA2/MCM8/POLD3/SKP1/ANAPC7/PSMA3/GMNN/MCM6/SKP2/RFC4/POLE2/GINS2/PSMD7/POLD1/PSMA2/CCNA1/ORC4/ORC3/CDC27/DBF4/ANAPC1/RFC1/GINS3/CDK2/PSMA5/PSMA6/PSMD10/CCNE2",62
"R-HSA-73854","RNA Polymerase I Promoter Clearance","56/2440","110/10654",1.17717310775267e-10,3.11724494110659e-09,2.54974741962623e-09,"H2BC10/H2BC17/H3C8/EHMT2/POLR2H/MTA1/H2AX/H3C10/H2AC8/H4C9/CHD4/H3C1/H3C11/H2BC9/H4C13/H3C2/H2BC15/H2BC6/H3C7/POLR1A/H2AC20/GTF2H3/H2BC11/H3C12/HDAC2/H2BC14/H2AC4/CD3EAP/H4C5/H2BC7/H2AZ1/H4C2/TBP/RBBP4/POLR1B/H4C1/H4C15/H4C14/H2BC8/H4C4/H2BC5/H4C3/MTA3/H2AC14/H4C6/H2BC13/TAF1A/H2AC6/TTF1/ZNRD1/H2BC4/GATAD2A/H2BC12/H2BU1/H3C6/H2AZ2",56
"R-HSA-5617472","Activation of anterior HOX genes in hindbrain development during early embryogenesis","60/2440","122/10654",1.58610965766469e-10,4.04457962704497e-09,3.30825990974897e-09,"H2BC10/H2BC17/H3C8/PAXIP1/CTCF/POLR2H/EP300/H2AX/H3C10/H2AC8/H4C9/H3C1/H3C11/H2BC9/H4C13/KMT2D/H3C2/H2BC15/EZH2/H2BC6/H3C7/H2AC20/H2BC11/H3C12/H2BC14/H2AC4/H4C5/H2BC7/H2AZ1/H4C2/RBBP4/PBX1/KDM6A/H4C1/H4C15/H4C14/PAGR1/H2BC8/H4C4/H2BC5/H4C3/POLR2D/HDAC3/H2AC14/H4C6/H2BC13/POLR2B/CNOT6/H2AC6/H2BC4/PIAS2/H2BC12/WDR5/SUZ12/CNOT9/H2BU1/H3C6/RARA/HOXA1/H2AZ2",60
"R-HSA-5619507","Activation of HOX genes during differentiation","60/2440","122/10654",1.58610965766469e-10,4.04457962704497e-09,3.30825990974897e-09,"H2BC10/H2BC17/H3C8/PAXIP1/CTCF/POLR2H/EP300/H2AX/H3C10/H2AC8/H4C9/H3C1/H3C11/H2BC9/H4C13/KMT2D/H3C2/H2BC15/EZH2/H2BC6/H3C7/H2AC20/H2BC11/H3C12/H2BC14/H2AC4/H4C5/H2BC7/H2AZ1/H4C2/RBBP4/PBX1/KDM6A/H4C1/H4C15/H4C14/PAGR1/H2BC8/H4C4/H2BC5/H4C3/POLR2D/HDAC3/H2AC14/H4C6/H2BC13/POLR2B/CNOT6/H2AC6/H2BC4/PIAS2/H2BC12/WDR5/SUZ12/CNOT9/H2BU1/H3C6/RARA/HOXA1/H2AZ2",60
"R-HSA-8936459","RUNX1 regulates genes involved in megakaryocyte differentiation and platelet function","51/2440","97/10654",1.75622742888444e-10,4.39695485377069e-09,3.59648487828968e-09,"H2BC10/H2BC17/H3C8/PRKCQ/EP300/H2AX/H3C10/H2AC8/H4C9/TNRC6C/H3C1/H3C11/H2BC9/H4C13/KMT2D/H3C2/SIN3A/H2BC15/H2BC6/H3C7/H2AC20/H2BC11/H3C12/H2BC14/H2AC4/H4C5/H2BC7/H2AZ1/H4C2/H4C1/H4C15/H4C14/KMT2A/H2BC8/H4C4/H2BC5/H4C3/TNRC6A/H2AC14/PRMT1/H4C6/H2BC13/H2AC6/DPY30/PRMT6/H2BC4/H2BC12/WDR5/H2BU1/H3C6/H2AZ2",51
"R-HSA-2559583","Cellular Senescence","84/2440","195/10654",2.32442174032286e-10,5.57919455694473e-09,4.56349667540485e-09,"HMGA1/H2BC10/RPS6KA3/H2BC17/PHC1/H3C8/EHMT2/RPS6KA1/TP53/LMNB1/MAPKAPK5/CCNA2/CCNE1/CBX2/UBE2C/TNIK/TERF1/H2AX/H3C10/H2AC8/TFDP2/H4C9/TNRC6C/H3C1/H3C11/H2BC9/H4C13/H3C2/H1-5/E2F2/E2F3/H2BC15/EZH2/FOS/H2BC6/H3C7/H2AC20/H2BC11/RELA/EHMT1/H3C12/H2BC14/H2AC4/ANAPC7/H4C5/H2BC7/H2AZ1/H4C2/RBBP4/MAP2K6/H4C1/H4C15/H4C14/H1-3/H1-1/H2BC8/H4C4/H2BC5/H4C3/TNRC6A/H1-4/HMGA2/ID1/CCNA1/CABIN1/H2AC14/H4C6/H2BC13/CDC27/H2AC6/ANAPC1/H1-2/CDK4/H2BC4/MAPK10/H2BC12/TXN/MRE11/SUZ12/H2BU1/H3C6/CDK2/H2AZ2/CCNE2",84
"R-HSA-110330","Recognition and association of DNA glycosylase with site containing an affected purine","35/2440","56/10654",2.39050456688264e-10,5.57919455694473e-09,4.56349667540485e-09,"H2BC10/H2BC17/MUTYH/TERF1/H2AX/H2AC8/H4C9/H2BC9/H4C13/H2BC15/H2BC6/H2AC20/H2BC11/H2BC14/H2AC4/H4C5/H2BC7/H2AZ1/H4C2/H4C1/H4C15/H4C14/H2BC8/H4C4/H2BC5/H4C3/H2AC14/H4C6/H2BC13/H2AC6/H2BC4/H2BC12/NEIL3/H2BU1/H2AZ2",35
"R-HSA-110331","Cleavage of the damaged purine","35/2440","56/10654",2.39050456688264e-10,5.57919455694473e-09,4.56349667540485e-09,"H2BC10/H2BC17/MUTYH/TERF1/H2AX/H2AC8/H4C9/H2BC9/H4C13/H2BC15/H2BC6/H2AC20/H2BC11/H2BC14/H2AC4/H4C5/H2BC7/H2AZ1/H4C2/H4C1/H4C15/H4C14/H2BC8/H4C4/H2BC5/H4C3/H2AC14/H4C6/H2BC13/H2AC6/H2BC4/H2BC12/NEIL3/H2BU1/H2AZ2",35
"R-HSA-73927","Depurination","35/2440","56/10654",2.39050456688264e-10,5.57919455694473e-09,4.56349667540485e-09,"H2BC10/H2BC17/MUTYH/TERF1/H2AX/H2AC8/H4C9/H2BC9/H4C13/H2BC15/H2BC6/H2AC20/H2BC11/H2BC14/H2AC4/H4C5/H2BC7/H2AZ1/H4C2/H4C1/H4C15/H4C14/H2BC8/H4C4/H2BC5/H4C3/H2AC14/H4C6/H2BC13/H2AC6/H2BC4/H2BC12/NEIL3/H2BU1/H2AZ2",35
"R-HSA-73864","RNA Polymerase I Transcription","56/2440","112/10654",2.8856618633875e-10,6.6225939764743e-09,5.41694419969232e-09,"H2BC10/H2BC17/H3C8/EHMT2/POLR2H/MTA1/H2AX/H3C10/H2AC8/H4C9/CHD4/H3C1/H3C11/H2BC9/H4C13/H3C2/H2BC15/H2BC6/H3C7/POLR1A/H2AC20/GTF2H3/H2BC11/H3C12/HDAC2/H2BC14/H2AC4/CD3EAP/H4C5/H2BC7/H2AZ1/H4C2/TBP/RBBP4/POLR1B/H4C1/H4C15/H4C14/H2BC8/H4C4/H2BC5/H4C3/MTA3/H2AC14/H4C6/H2BC13/TAF1A/H2AC6/TTF1/ZNRD1/H2BC4/GATAD2A/H2BC12/H2BU1/H3C6/H2AZ2",56
"R-HSA-5693571","Nonhomologous End-Joining (NHEJ)","40/2440","69/10654",3.37656606694091e-10,7.62218274455349e-09,6.23455684491246e-09,"H2BC10/H2BC17/PAXIP1/MDC1/PIAS4/RNF168/H2AX/TDP1/H4C9/H2BC9/H4C13/H2BC15/BARD1/H2BC6/RIF1/H2BC11/NSD2/H2BC14/H4C5/H2BC7/H4C2/H4C1/H4C15/H4C14/XRCC5/H2BC8/H4C4/H2BC5/H4C3/PRKDC/BRCA1/H4C6/H2BC13/H2BC4/XRCC6/H2BC12/MRE11/LIG4/RNF8/H2BU1",40
"R-HSA-171306","Packaging Of Telomere Ends","33/2440","52/10654",4.3639219356063e-10,9.69212984730624e-09,7.9276680324257e-09,"H2BC10/H2BC17/TERF1/H2AX/H2AC8/H4C9/H2BC9/H4C13/H2BC15/H2BC6/H2AC20/H2BC11/H2BC14/H2AC4/H4C5/H2BC7/H2AZ1/H4C2/H4C1/H4C15/H4C14/H2BC8/H4C4/H2BC5/H4C3/H2AC14/H4C6/H2BC13/H2AC6/H2BC4/H2BC12/H2BU1/H2AZ2",33
"R-HSA-4615885","SUMOylation of DNA replication proteins","30/2440","45/10654",4.59446234416186e-10,9.89324649440254e-09,8.09217119520752e-09,"NDC1/AURKB/PIAS4/NUP155/NUP188/INCENP/NUP37/BIRC5/NUP35/NUP50/NUP153/PCNA/NUP205/NUP88/TOP2A/NUP93/NUP210/NUP160/NUP54/TOP1/NUP107/RANGAP1/NUP85/NUP43/NUP133/AURKA/CDCA8/PIAS3/RANBP2/TOP2B",30
"R-HSA-194315","Signaling by Rho GTPases","161/2440","455/10654",4.59816830531418e-10,9.89324649440254e-09,8.09217119520752e-09,"CYFIP2/H2BC10/ARHGAP18/H2BC17/PRKCZ/IQGAP2/H3C8/DEPDC1B/RAC3/PAK3/AR/CDH1/AURKB/RTKN/NET1/CENPP/ARHGAP44/TUBB4A/SPC25/ITGB1/TUBB2B/H2AX/H3C10/CENPI/INCENP/H2AC8/NUP37/VAV3/PPP1CC/H4C9/NCK1/ARHGEF6/KDM1A/CENPA/ZWINT/H3C1/H3C11/H2BC9/CDC20/PLK1/ABI2/BIRC5/ARHGEF26/H4C13/CENPK/H3C2/CENPU/PAK1/H2BC15/KIF14/H2BC6/RCC2/PRKCB/H3C7/RHOH/H2AC20/SCAI/CDC25C/H2BC11/WIPF3/MAD2L1/CENPO/TIAM1/NUP160/BRK1/ERCC6L/H3C12/BUB1/ZWILCH/H2BC14/H2AC4/KNL1/H4C5/H2BC7/H2AZ1/RHOT1/CENPF/ARHGAP26/H4C2/ECT2/KIF5A/NSL1/XPO1/SGO1/PPP2R1B/CALM2/TIAM2/NUP107/H4C1/FLNA/H4C15/H4C14/SKA1/RANGAP1/NUP85/PRC1/NUF2/MYL12B/H2BC8/H4C4/H2BC5/H4C3/KNTC1/NUP43/MIS12/RHPN2/KIF2A/ITGB3BP/RHOJ/FGD4/CFTR/KIF2C/TUBB2A/RACGAP1/ARHGDIA/CLASP2/H2AC14/ARHGEF10/ARHGAP42/H4C6/SGO2/CIT/H2BC13/CENPN/NDC80/RASGRF2/NUDC/H2AC6/WASF2/ZW10/ARHGAP11A/NUP133/H2BC4/CENPQ/GOPC/SYDE1/DSN1/IQGAP3/H2BC12/CDCA8/KIF18A/SOS1/CENPE/CKAP5/PIK3R4/CENPH/SPC24/CENPL/H2BU1/H3C6/ARHGAP5/ROCK1/BUB3/MYO9A/YWHAG/ARHGAP23/RAC1/KDM4C/RANBP2/KTN1/H2AZ2",161
"R-HSA-201722","Formation of the beta-catenin:TCF transactivating complex","48/2440","91/10654",5.21335619736884e-10,1.08769567936013e-08,8.89679606249546e-09,"H2BC10/H2BC17/H3C8/RUVBL1/EP300/H2AX/H3C10/AXIN2/H2AC8/H4C9/H3C1/H3C11/H2BC9/H4C13/BCL9/KMT2D/H3C2/TLE1/H2BC15/H2BC6/H3C7/H2AC20/H2BC11/H3C12/H2BC14/H2AC4/TCF7L1/H4C5/H2BC7/H2AZ1/H4C2/H4C1/H4C15/H4C14/H2BC8/H4C4/H2BC5/H4C3/SMARCA4/H2AC14/H4C6/H2BC13/H2AC6/H2BC4/H2BC12/H2BU1/H3C6/H2AZ2",48
"R-HSA-73772","RNA Polymerase I Promoter Escape","48/2440","91/10654",5.21335619736884e-10,1.08769567936013e-08,8.89679606249546e-09,"H2BC10/H2BC17/H3C8/POLR2H/H2AX/H3C10/H2AC8/H4C9/H3C1/H3C11/H2BC9/H4C13/H3C2/H2BC15/H2BC6/H3C7/POLR1A/H2AC20/GTF2H3/H2BC11/H3C12/H2BC14/H2AC4/CD3EAP/H4C5/H2BC7/H2AZ1/H4C2/TBP/POLR1B/H4C1/H4C15/H4C14/H2BC8/H4C4/H2BC5/H4C3/H2AC14/H4C6/H2BC13/TAF1A/H2AC6/ZNRD1/H2BC4/H2BC12/H2BU1/H3C6/H2AZ2",48
"R-HSA-9616222","Transcriptional regulation of granulopoiesis","47/2440","90/10654",1.22254831494384e-09,2.51261049205622e-08,2.05518726942641e-08,"H2BC10/H2BC17/H3C8/EP300/H2AX/H3C10/H2AC8/TFDP2/H4C9/H3C1/H3C11/H2BC9/H4C13/H3C2/H2BC15/H2BC6/H3C7/H2AC20/H2BC11/MYB/H3C12/H2BC14/H2AC4/H4C5/H2BC7/H2AZ1/H4C2/H4C1/H4C15/H4C14/KMT2A/H2BC8/H4C4/H2BC5/H4C3/H2AC14/H4C6/H2BC13/H2AC6/CDK4/H2BC4/H2BC12/H2BU1/H3C6/CDK2/RARA/H2AZ2",47
"R-HSA-8939211","ESR-mediated signaling","91/2440","223/10654",1.27473394929896e-09,2.5813362473304e-08,2.11140143304937e-08,"CXCL12/H2BC10/POU2F1/H2BC17/PRKCZ/AGO2/H3C8/KPNA2/POLR2H/EGF/GNB4/GNG4/EP300/H2AX/H3C10/H2AC8/PIK3CA/H4C9/KDM1A/TNRC6C/H3C1/H3C11/H2BC9/USF1/H4C13/PIK3R3/GREB1/H3C2/SMC1A/H2BC15/FOSB/AKT1/FOS/H2BC6/H3C7/H2AC20/H2BC11/FKBP4/MYB/H3C12/H2BC14/H2AC4/HSP90AB1/H4C5/H2BC7/H2AZ1/H4C2/TBP/GNB2/XPO1/CAV2/GNG12/CALM2/H4C1/H4C15/H4C14/STRN/PTGES3/H2BC8/H4C4/H2BC5/H4C3/SMC3/TNRC6A/PIK3R1/MMP2/GNG5/POLR2D/IGF1R/H2AC14/PRMT1/H4C6/H2BC13/POLR2B/NRIP1/NR5A2/H2AC6/CHD1/H2BC4/PPID/H2BC12/JUND/STAG1/CTSD/GNAI1/H2BU1/H3C6/CCNT1/GNAI2/ZNF217/H2AZ2",91
"R-HSA-2559582","Senescence-Associated Secretory Phenotype (SASP)","54/2440","110/10654",1.41689049684699e-09,2.82762060022943e-08,2.31284947616518e-08,"H2BC10/RPS6KA3/H2BC17/H3C8/EHMT2/RPS6KA1/CCNA2/UBE2C/H2AX/H3C10/H2AC8/H4C9/H3C1/H3C11/H2BC9/H4C13/H3C2/H2BC15/FOS/H2BC6/H3C7/H2AC20/H2BC11/RELA/EHMT1/H3C12/H2BC14/H2AC4/ANAPC7/H4C5/H2BC7/H2AZ1/H4C2/H4C1/H4C15/H4C14/H2BC8/H4C4/H2BC5/H4C3/CCNA1/H2AC14/H4C6/H2BC13/CDC27/H2AC6/ANAPC1/CDK4/H2BC4/H2BC12/H2BU1/H3C6/CDK2/H2AZ2",54
"R-HSA-69242","S Phase","71/2440","161/10654",1.68169389302598e-09,3.30813212956681e-08,2.70588340682375e-08,"ORC1/CDC25A/MCM2/CDT1/CDCA5/POLA2/MCM7/CDC45/MCM3/MCM5/CDC6/E2F5/PRIM1/CCNA2/CCNE1/UBE2C/GINS4/POLE/GINS1/DNA2/RPA1/LIG1/RFC3/RFC5/POLA1/CKS1B/TFDP2/MCM4/FEN1/ORC2/RFC2/PCNA/PSME3/PSMD11/SMC1A/ORC6/AKT1/RPA2/MCM8/POLD3/SKP1/ANAPC7/PSMA3/RBBP4/MCM6/SKP2/RFC4/POLE2/GINS2/SMC3/PSMD7/ESCO2/ESCO1/POLD1/PSMA2/CCNA1/LIN9/RBL2/ORC4/ORC3/CDC27/ANAPC1/CDK4/RFC1/GINS3/STAG1/CDK2/PSMA5/PSMA6/PSMD10/CCNE2",71
"R-HSA-1474165","Reproduction","65/2440","144/10654",2.58662769088571e-09,5.01660046528116e-08,4.10332339399216e-08,"H2BC10/PSMC3IP/BRCA2/BLM/H2BC17/H3C8/LMNB1/TOP3A/RPA1/TERF1/H2AX/H3C10/H2AC8/H4C9/H3C1/H3C11/H2BC9/H4C13/H3C2/SMC1A/H2BC15/H2BC6/H3C7/H2AC20/H2BC11/RPA2/H3C12/H2BC14/H2AC4/H4C5/MLH3/H2BC7/H2AZ1/H4C2/DIDO1/H4C1/H4C15/H4C14/RAD51/SYNE2/H2BC8/H4C4/REC8/H2BC5/H4C3/MND1/SMC3/BRCA1/CD9/H2AC14/H4C6/RBBP8/H2BC13/H2AC6/CDK4/H2BC4/DMC1/H2BC12/MRE11/FKBP6/STAG1/H2BU1/H3C6/CDK2/H2AZ2",65
"R-HSA-1912422","Pre-NOTCH Expression and Processing","53/2440","109/10654",3.09649389505076e-09,5.92204457428457e-08,4.84393050833964e-08,"SEL1L/H2BC10/H2BC17/AGO2/H3C8/RBPJ/TP53/EP300/H2AX/H3C10/H2AC8/TFDP2/H4C9/TNRC6C/H3C1/H3C11/H2BC9/H4C13/H3C2/E2F3/H2BC15/H2BC6/H3C7/H2AC20/H2BC11/H3C12/H2BC14/H2AC4/H4C5/H2BC7/H2AZ1/H4C2/H4C1/H4C15/H4C14/H2BC8/H4C4/H2BC5/PRKCI/H4C3/TNRC6A/ST3GAL6/H2AC14/H4C6/H2BC13/H2AC6/H2BC4/ELF3/H2BC12/NOTCH1/H2BU1/H3C6/H2AZ2",53
"R-HSA-2990846","SUMOylation","79/2440","188/10654",3.21305180399455e-09,6.06078401931575e-08,4.95741230032325e-08,"DNMT3B/NDC1/BLM/PHC1/THRB/MDC1/AR/TP53/DNMT1/AURKB/PIAS4/CBX2/RNF168/NUP155/RPA1/NUP188/MTA1/EP300/INCENP/NUP37/H4C9/BIRC5/PARP1/H4C13/NUP35/NUP50/NUP153/PCNA/NUP205/SIN3A/SMC1A/NUP88/TOP2A/NUP93/RELA/NUP210/NUP160/HDAC2/H4C5/H4C2/NSMCE4A/NUP54/TRIM28/TOP1/NUP107/H4C1/H4C15/H4C14/RANGAP1/NUP85/H4C4/H4C3/NUP43/SMC3/SAFB/SAE1/UBA2/BRCA1/NPM1/NOP58/H4C6/NRIP1/NR5A2/CASP8AP2/SENP2/CBX5/WRN/NUP133/AURKA/PIAS2/CDCA8/SMC6/SUZ12/STAG1/PIAS3/RARA/RANBP2/NSMCE2/TOP2B",79
"R-HSA-5625740","RHO GTPases activate PKNs","48/2440","95/10654",3.43891507011995e-09,6.39917033993942e-08,5.23419505693933e-08,"H2BC10/H2BC17/H3C8/AR/H2AX/H3C10/H2AC8/H4C9/KDM1A/H3C1/H3C11/H2BC9/H4C13/H3C2/PAK1/H2BC15/H2BC6/H3C7/H2AC20/CDC25C/H2BC11/H3C12/H2BC14/H2AC4/H4C5/H2BC7/H2AZ1/H4C2/H4C1/H4C15/H4C14/MYL12B/H2BC8/H4C4/H2BC5/H4C3/H2AC14/H4C6/H2BC13/H2AC6/H2BC4/H2BC12/H2BU1/H3C6/YWHAG/RAC1/KDM4C/H2AZ2",48
"R-HSA-73929","Base-Excision Repair, AP Site Formation","36/2440","63/10654",4.43334547149992e-09,8.13962228567386e-08,6.65779600632269e-08,"H2BC10/H2BC17/MUTYH/TERF1/H2AX/H2AC8/UNG/H4C9/H2BC9/H4C13/H2BC15/H2BC6/H2AC20/H2BC11/H2BC14/H2AC4/H4C5/H2BC7/H2AZ1/H4C2/H4C1/H4C15/H4C14/H2BC8/H4C4/H2BC5/H4C3/H2AC14/H4C6/H2BC13/H2AC6/H2BC4/H2BC12/NEIL3/H2BU1/H2AZ2",36
"R-HSA-1221632","Meiotic synapsis","42/2440","79/10654",4.58235427931863e-09,8.30250242450231e-08,6.79102365494589e-08,"H2BC10/H2BC17/LMNB1/TERF1/H2AX/H2AC8/H4C9/H2BC9/H4C13/SMC1A/H2BC15/H2BC6/H2AC20/H2BC11/H2BC14/H2AC4/H4C5/H2BC7/H2AZ1/H4C2/DIDO1/H4C1/H4C15/H4C14/SYNE2/H2BC8/H4C4/REC8/H2BC5/H4C3/SMC3/BRCA1/H2AC14/H4C6/H2BC13/H2AC6/H2BC4/H2BC12/FKBP6/STAG1/H2BU1/H2AZ2",42
"R-HSA-69239","Synthesis of DNA","56/2440","119/10654",5.10341755461502e-09,9.1265012632531e-08,7.46501269096114e-08,"ORC1/MCM2/CDT1/POLA2/MCM7/CDC45/MCM3/MCM5/CDC6/PRIM1/CCNA2/CCNE1/UBE2C/GINS4/POLE/GINS1/DNA2/RPA1/LIG1/RFC3/RFC5/POLA1/MCM4/FEN1/ORC2/RFC2/PCNA/PSME3/PSMD11/ORC6/RPA2/MCM8/POLD3/SKP1/ANAPC7/PSMA3/MCM6/SKP2/RFC4/POLE2/GINS2/PSMD7/POLD1/PSMA2/CCNA1/ORC4/ORC3/CDC27/ANAPC1/RFC1/GINS3/CDK2/PSMA5/PSMA6/PSMD10/CCNE2",56
"R-HSA-2559580","Oxidative Stress Induced Senescence","58/2440","125/10654",5.2689550032557e-09,9.3017321019014e-08,7.60834258229905e-08,"H2BC10/H2BC17/PHC1/H3C8/TP53/MAPKAPK5/CBX2/TNIK/H2AX/H3C10/H2AC8/TFDP2/H4C9/TNRC6C/H3C1/H3C11/H2BC9/H4C13/H3C2/E2F2/E2F3/H2BC15/EZH2/FOS/H2BC6/H3C7/H2AC20/H2BC11/H3C12/H2BC14/H2AC4/H4C5/H2BC7/H2AZ1/H4C2/RBBP4/MAP2K6/H4C1/H4C15/H4C14/H2BC8/H4C4/H2BC5/H4C3/TNRC6A/H2AC14/H4C6/H2BC13/H2AC6/CDK4/H2BC4/MAPK10/H2BC12/TXN/SUZ12/H2BU1/H3C6/H2AZ2",58
"R-HSA-110328","Recognition and association of DNA glycosylase with site containing an affected pyrimidine","35/2440","61/10654",6.26867452454039e-09,1.06567466917187e-07,8.71667542723616e-08,"H2BC10/H2BC17/TERF1/H2AX/H2AC8/UNG/H4C9/H2BC9/H4C13/H2BC15/H2BC6/H2AC20/H2BC11/H2BC14/H2AC4/H4C5/H2BC7/H2AZ1/H4C2/H4C1/H4C15/H4C14/H2BC8/H4C4/H2BC5/H4C3/H2AC14/H4C6/H2BC13/H2AC6/H2BC4/H2BC12/NEIL3/H2BU1/H2AZ2",35
"R-HSA-110329","Cleavage of the damaged pyrimidine ","35/2440","61/10654",6.26867452454039e-09,1.06567466917187e-07,8.71667542723616e-08,"H2BC10/H2BC17/TERF1/H2AX/H2AC8/UNG/H4C9/H2BC9/H4C13/H2BC15/H2BC6/H2AC20/H2BC11/H2BC14/H2AC4/H4C5/H2BC7/H2AZ1/H4C2/H4C1/H4C15/H4C14/H2BC8/H4C4/H2BC5/H4C3/H2AC14/H4C6/H2BC13/H2AC6/H2BC4/H2BC12/NEIL3/H2BU1/H2AZ2",35
"R-HSA-73928","Depyrimidination","35/2440","61/10654",6.26867452454039e-09,1.06567466917187e-07,8.71667542723616e-08,"H2BC10/H2BC17/TERF1/H2AX/H2AC8/UNG/H4C9/H2BC9/H4C13/H2BC15/H2BC6/H2AC20/H2BC11/H2BC14/H2AC4/H4C5/H2BC7/H2AZ1/H4C2/H4C1/H4C15/H4C14/H2BC8/H4C4/H2BC5/H4C3/H2AC14/H4C6/H2BC13/H2AC6/H2BC4/H2BC12/NEIL3/H2BU1/H2AZ2",35
"R-HSA-3108232","SUMO E3 ligases SUMOylate target proteins","76/2440","182/10654",8.89126175385672e-09,1.4930813945196e-07,1.22126445142833e-07,"DNMT3B/NDC1/BLM/PHC1/THRB/MDC1/AR/TP53/DNMT1/AURKB/PIAS4/CBX2/RNF168/NUP155/RPA1/NUP188/MTA1/EP300/INCENP/NUP37/H4C9/BIRC5/PARP1/H4C13/NUP35/NUP50/NUP153/PCNA/NUP205/SIN3A/SMC1A/NUP88/TOP2A/NUP93/RELA/NUP210/NUP160/HDAC2/H4C5/H4C2/NSMCE4A/NUP54/TRIM28/TOP1/NUP107/H4C1/H4C15/H4C14/RANGAP1/NUP85/H4C4/H4C3/NUP43/SMC3/SAFB/BRCA1/NPM1/NOP58/H4C6/NRIP1/NR5A2/CASP8AP2/CBX5/WRN/NUP133/AURKA/PIAS2/CDCA8/SMC6/SUZ12/STAG1/PIAS3/RARA/RANBP2/NSMCE2/TOP2B",76
"R-HSA-3214847","HATs acetylate histones","63/2440","142/10654",1.03934414788182e-08,1.72430950799189e-07,1.41039725838117e-07,"H2BC10/H2BC17/H3C8/RUVBL1/SAP130/HCFC1/H2AC16/EP300/H3C10/H2AC8/H2AC21/H4C9/H3C1/JADE2/H3C11/H2BC9/H2AW/H4C13/H3C2/H2BC15/H2BC6/H3C7/H2AC20/H2BC11/JADE1/H3C12/H2BC14/H2AC4/RUVBL2/TADA1/H4C5/H2BC7/H2AC11/H4C2/YEATS4/H2AC12/H4C1/H4C15/H4C14/H2BC8/H4C4/JADE3/H2BC5/H4C3/H2AC15/YEATS2/H2AC17/H2AC13/H2AC14/H4C6/H2BC13/KANSL1/H2AC6/KAT7/H2BC4/H2BC12/WDR5/ACTL6A/HAT1/H2BU1/H3C6/PHF20/TAF12",63
"R-HSA-453279","Mitotic G1-G1/S phases","65/2440","149/10654",1.37635626972261e-08,2.25624117072385e-07,1.84549023634485e-07,"CCND2/ORC1/MYBL2/CDC25A/MCM2/CDT1/POLA2/MCM7/CDC45/MCM3/MCM5/CDC6/E2F5/PRIM1/CCNA2/CCNE1/POLE/CCNB1/MCM10/RPA1/POLA1/CKS1B/TFDP2/MCM4/ORC2/CDC7/PCNA/PSME3/E2F2/PSMD11/LYN/E2F3/ORC6/AKT1/TOP2A/RPA2/MCM8/SKP1/PSMA3/FBXO5/GMNN/RBBP4/MCM6/DHFR/PPP2R1B/SKP2/POLE2/RRM2/PSMD7/CDK1/PSMA2/CCNA1/TYMS/LIN9/RBL2/ORC4/ORC3/DBF4/RBL1/CDK4/CDK2/PSMA5/PSMA6/PSMD10/CCNE2",65
"R-HSA-5663220","RHO GTPases Activate Formins","62/2440","140/10654",1.47848979242815e-08,2.3951534637336e-07,1.95911340916176e-07,"AURKB/CENPP/TUBB4A/SPC25/ITGB1/TUBB2B/CENPI/INCENP/NUP37/PPP1CC/CENPA/ZWINT/CDC20/PLK1/BIRC5/CENPK/CENPU/RCC2/SCAI/MAD2L1/CENPO/NUP160/ERCC6L/BUB1/ZWILCH/KNL1/CENPF/NSL1/XPO1/SGO1/PPP2R1B/NUP107/SKA1/RANGAP1/NUP85/NUF2/KNTC1/NUP43/MIS12/KIF2A/ITGB3BP/KIF2C/TUBB2A/CLASP2/SGO2/CENPN/NDC80/NUDC/ZW10/NUP133/CENPQ/DSN1/CDCA8/KIF18A/CENPE/CKAP5/CENPH/SPC24/CENPL/BUB3/RAC1/RANBP2",62
"R-HSA-69206","G1/S Transition","59/2440","131/10654",1.54436999522409e-08,2.47278777142275e-07,2.02261431443056e-07,"ORC1/CDC25A/MCM2/CDT1/POLA2/MCM7/CDC45/MCM3/MCM5/CDC6/E2F5/PRIM1/CCNA2/CCNE1/POLE/CCNB1/MCM10/RPA1/POLA1/CKS1B/TFDP2/MCM4/ORC2/CDC7/PCNA/PSME3/PSMD11/ORC6/AKT1/RPA2/MCM8/SKP1/PSMA3/FBXO5/GMNN/RBBP4/MCM6/DHFR/PPP2R1B/SKP2/POLE2/RRM2/PSMD7/CDK1/PSMA2/CCNA1/TYMS/LIN9/RBL2/ORC4/ORC3/DBF4/RBL1/CDK4/CDK2/PSMA5/PSMA6/PSMD10/CCNE2",59
"R-HSA-176974","Unwinding of DNA","12/2440","12/10654",2.0391593188798e-08,3.22749699091664e-07,2.63992797483531e-07,"MCM2/MCM7/CDC45/MCM3/MCM5/GINS4/GINS1/MCM4/MCM8/MCM6/GINS2/GINS3",12
"R-HSA-191859","snRNP Assembly","31/2440","53/10654",2.47337021321536e-08,3.82677616134556e-07,3.13010778017792e-07,"NDC1/WDR77/NUP155/NUP188/NUP37/GEMIN4/NUP35/NUP50/NUP153/NUP205/NUP88/NUP93/NUP210/NCBP1/GEMIN2/NUP160/PRMT5/NUP54/GEMIN5/NUP107/NUP85/SNRPB/NUP43/TGS1/SNRPG/SNRPF/DDX20/NUP133/SNRPE/SNRPD1/RANBP2",31
"R-HSA-194441","Metabolism of non-coding RNA","31/2440","53/10654",2.47337021321536e-08,3.82677616134556e-07,3.13010778017792e-07,"NDC1/WDR77/NUP155/NUP188/NUP37/GEMIN4/NUP35/NUP50/NUP153/NUP205/NUP88/NUP93/NUP210/NCBP1/GEMIN2/NUP160/PRMT5/NUP54/GEMIN5/NUP107/NUP85/SNRPB/NUP43/TGS1/SNRPG/SNRPF/DDX20/NUP133/SNRPE/SNRPD1/RANBP2",31
"R-HSA-2555396","Mitotic Metaphase and Anaphase","81/2440","202/10654",2.62725639700894e-08,4.01970228742369e-07,3.28791151438546e-07,"CDCA5/LMNB1/AURKB/UBE2C/CENPP/TUBB4A/SPC25/TUBB2B/CENPI/INCENP/NUP37/PPP1CC/CENPA/ZWINT/CDC20/PLK1/BIRC5/CENPK/PSME3/PTTG1/CENPU/PSMD11/SMC1A/RCC2/VRK1/TMPO/MAD2L1/ESPL1/CENPO/NUP160/ERCC6L/BUB1/ZWILCH/KNL1/ANAPC7/PSMA3/CENPF/FBXO5/NSL1/XPO1/SGO1/PPP2R1B/NUP107/SKA1/RANGAP1/NUP85/NUF2/KNTC1/NUP43/SMC3/PSMD7/MIS12/KIF2A/ITGB3BP/PSMA2/KIF2C/TUBB2A/CLASP2/SGO2/CENPN/NDC80/CDC27/NUDC/ANAPC1/ZW10/NUP133/CENPQ/DSN1/CDCA8/KIF18A/CENPE/CKAP5/CENPH/STAG1/SPC24/CENPL/BUB3/RANBP2/PSMA5/PSMA6/PSMD10",81
"R-HSA-977225","Amyloid fiber formation","51/2440","109/10654",3.11038980532787e-08,4.70660083729283e-07,3.84975950457007e-07,"B2M/H2BC10/TSPAN33/H2BC17/H3C8/CALB1/GGA3/SORL1/H2AX/H3C10/TSPAN14/H2AC8/SNCA/H4C9/H3C1/H3C11/H2BC9/H4C13/H3C2/H2BC15/H2BC6/H3C7/H2AC20/H2BC11/H3C12/H2BC14/H2AC4/H4C5/H2BC7/H2AZ1/H4C2/H4C1/H4C15/H4C14/H2BC8/H4C4/H2BC5/H4C3/USP9X/H2AC14/SEMG1/H4C6/H2BC13/H2AC6/H2BC4/H2BC12/GGA2/TSPAN15/CST3/H2BU1/H3C6",51
"R-HSA-2467813","Separation of Sister Chromatids","77/2440","190/10654",3.38294210981502e-08,5.06338183175574e-07,4.14158816647834e-07,"CDCA5/AURKB/UBE2C/CENPP/TUBB4A/SPC25/TUBB2B/CENPI/INCENP/NUP37/PPP1CC/CENPA/ZWINT/CDC20/PLK1/BIRC5/CENPK/PSME3/PTTG1/CENPU/PSMD11/SMC1A/RCC2/MAD2L1/ESPL1/CENPO/NUP160/ERCC6L/BUB1/ZWILCH/KNL1/ANAPC7/PSMA3/CENPF/NSL1/XPO1/SGO1/PPP2R1B/NUP107/SKA1/RANGAP1/NUP85/NUF2/KNTC1/NUP43/SMC3/PSMD7/MIS12/KIF2A/ITGB3BP/PSMA2/KIF2C/TUBB2A/CLASP2/SGO2/CENPN/NDC80/CDC27/NUDC/ANAPC1/ZW10/NUP133/CENPQ/DSN1/CDCA8/KIF18A/CENPE/CKAP5/CENPH/STAG1/SPC24/CENPL/BUB3/RANBP2/PSMA5/PSMA6/PSMD10",77
"R-HSA-68882","Mitotic Anaphase","80/2440","201/10654",4.70902802797519e-08,6.97239956400197e-07,5.70306733438987e-07,"CDCA5/LMNB1/AURKB/UBE2C/CENPP/TUBB4A/SPC25/TUBB2B/CENPI/INCENP/NUP37/PPP1CC/CENPA/ZWINT/CDC20/PLK1/BIRC5/CENPK/PSME3/PTTG1/CENPU/PSMD11/SMC1A/RCC2/VRK1/TMPO/MAD2L1/ESPL1/CENPO/NUP160/ERCC6L/BUB1/ZWILCH/KNL1/ANAPC7/PSMA3/CENPF/NSL1/XPO1/SGO1/PPP2R1B/NUP107/SKA1/RANGAP1/NUP85/NUF2/KNTC1/NUP43/SMC3/PSMD7/MIS12/KIF2A/ITGB3BP/PSMA2/KIF2C/TUBB2A/CLASP2/SGO2/CENPN/NDC80/CDC27/NUDC/ANAPC1/ZW10/NUP133/CENPQ/DSN1/CDCA8/KIF18A/CENPE/CKAP5/CENPH/STAG1/SPC24/CENPL/BUB3/RANBP2/PSMA5/PSMA6/PSMD10",80
"R-HSA-180786","Extension of Telomeres","21/2440","30/10654",5.36242304011708e-08,7.85537928323534e-07,6.42529972332058e-07,"POLA2/RUVBL1/PRIM1/POLE/DNA2/RPA1/LIG1/RFC3/RFC5/POLA1/DKC1/FEN1/RFC2/PCNA/RPA2/POLD3/RUVBL2/RFC4/POLE2/POLD1/RFC1",21
"R-HSA-5693579","Homologous DNA Pairing and Strand Exchange","26/2440","42/10654",6.65533520100423e-08,9.6467332334556e-07,7.89053591698008e-07,"BRCA2/BLM/XRCC2/EXO1/TOP3A/DNA2/RPA1/RFC3/RFC5/CHEK1/RFC2/RAD51AP1/BARD1/BRIP1/TOPBP1/RPA2/PALB2/RAD51/RFC4/BRCA1/RBBP8/WRN/RMI1/RHNO1/MRE11/RAD51B",26
"R-HSA-3214841","PKMTs methylate histone lysines","37/2440","71/10654",7.54953660735408e-08,1.08288665711735e-06,8.85746071257551e-07,"H3C8/EHMT2/SETD6/H3C10/SUV39H2/H4C9/H3C1/H3C11/H4C13/KMT2D/H3C2/EZH2/H3C7/SUV39H1/NSD2/RELA/EHMT1/H3C12/H4C5/H4C2/RBBP4/NSD1/H4C1/H4C15/H4C14/KMT2A/H4C4/H4C3/ATF7IP/AEBP2/DOT1L/H4C6/DPY30/SETDB1/WDR5/SUZ12/H3C6",37
"R-HSA-174417","Telomere C-strand (Lagging Strand) Synthesis","18/2440","24/10654",8.99098973161615e-08,1.27634977942633e-06,1.04398904100155e-06,"POLA2/PRIM1/POLE/DNA2/RPA1/LIG1/RFC3/RFC5/POLA1/FEN1/RFC2/PCNA/RPA2/POLD3/RFC4/POLE2/POLD1/RFC1",18
"R-HSA-5693606","DNA Double Strand Break Response","39/2440","77/10654",9.23263911870083e-08,1.29728000678072e-06,1.06110889978624e-06,"H2BC10/H2BC17/MDC1/KPNA2/TP53/PIAS4/RNF168/H2AX/H4C9/H2BC9/H4C13/KDM4A/H2BC15/BARD1/H2BC6/H2BC11/NSD2/SMARCA5/H2BC14/H4C5/H2BC7/H4C2/H4C1/H4C15/H4C14/H2BC8/H4C4/H2BC5/H4C3/CHEK2/BRCA1/EYA3/H4C6/H2BC13/H2BC4/H2BC12/MRE11/RNF8/H2BU1",39
"R-HSA-69186","Lagging Strand Synthesis","16/2440","20/10654",1.01886867599772e-07,1.41715370388774e-06,1.15915947189534e-06,"POLA2/PRIM1/DNA2/RPA1/LIG1/RFC3/RFC5/POLA1/FEN1/RFC2/PCNA/RPA2/POLD3/RFC4/POLD1/RFC1",16
"R-HSA-9006931","Signaling by Nuclear Receptors","108/2440","299/10654",1.08814038065941e-07,1.49836930416801e-06,1.2255896919006e-06,"AKR1C3/CXCL12/H2BC10/POU2F1/CRABP1/H2BC17/PRKCZ/AGO2/H3C8/PDK3/KPNA2/POLR2H/EGF/GNB4/PLTP/GNG4/EP300/H2AX/H3C10/H2AC8/PIK3CA/H4C9/FASN/KDM1A/TNRC6C/H3C1/H3C11/H2BC9/USF1/H4C13/PIK3R3/GREB1/H3C2/KDM4A/APOE/SMC1A/MYLIP/H2BC15/FOSB/AKT1/FOS/H2BC6/H3C7/H2AC20/H2BC11/FKBP4/MYB/H3C12/H2BC14/H2AC4/HSP90AB1/H4C5/H2BC7/H2AZ1/H4C2/TBP/GNB2/XPO1/DLAT/CAV2/GNG12/CALM2/H4C1/H4C15/H4C14/STRN/PTGES3/H2BC8/H4C4/H2BC5/PDHA1/H4C3/SMC3/TNRC6A/PIK3R1/MMP2/GNG5/SCD/POLR2D/HDAC3/IGF1R/H2AC14/PRMT1/RDH11/H4C6/H2BC13/POLR2B/NRIP1/APOC1/NR5A2/H2AC6/CHD1/H2BC4/PPID/H2BC12/JUND/CYP26A1/STAG1/CTSD/ADH1C/GNAI1/H2BU1/H3C6/CCNT1/RARA/GNAI2/ZNF217/H2AZ2",108
"R-HSA-5685942","HDR through Homologous Recombination (HRR)","35/2440","67/10654",1.56605518611995e-07,2.1351069220665e-06,1.74640859734064e-06,"BRCA2/BLM/XRCC2/EXO1/TOP3A/POLE/DNA2/RPA1/RFC3/POLK/RFC5/CHEK1/RFC2/RAD51AP1/PCNA/BARD1/BRIP1/TOPBP1/RPA2/POLD3/PALB2/RAD51/RFC4/POLE2/POLD1/BRCA1/GEN1/RBBP8/EME1/WRN/RFC1/RMI1/RHNO1/MRE11/RAD51B",35
"R-HSA-72202","Transport of Mature Transcript to Cytoplasm","41/2440","84/10654",1.63019576930532e-07,2.20076428856219e-06,1.80011297539391e-06,"NDC1/THOC6/CPSF4/SRSF2/DDX39A/NUP155/SRRM1/NUP188/NUP37/NUP35/CPSF2/NUP50/NUP153/NUP205/NUP88/RNPS1/NUP93/NUP210/NCBP1/NUP160/CPSF3/NUP54/WDR33/SRSF7/NUP107/ALYREF/NUP85/NUP43/SRSF1/CHTOP/THOC1/U2AF1/NUP133/SRSF11/EIF4A3/ZC3H11A/UPF3B/SLU7/SRSF3/RBM8A/RANBP2",41
"R-HSA-177243","Interactions of Rev with host cellular proteins","23/2440","36/10654",1.6700696629726e-07,2.23270478244007e-06,1.82623867080295e-06,"NDC1/NUP155/NUP188/RANBP1/NUP37/NUP35/NUP50/NUP153/NUP205/NUP88/NUP93/NUP210/NUP160/NUP54/XPO1/NUP107/RANGAP1/NUP85/NUP43/NPM1/NUP133/RAN/RANBP2",23
"R-HSA-5693565","Recruitment and ATM-mediated phosphorylation of repair and signaling proteins at DNA double strand breaks","38/2440","76/10654",2.07911466138808e-07,2.75282777762633e-06,2.25167276081503e-06,"H2BC10/H2BC17/MDC1/TP53/PIAS4/RNF168/H2AX/H4C9/H2BC9/H4C13/KDM4A/H2BC15/BARD1/H2BC6/H2BC11/NSD2/SMARCA5/H2BC14/H4C5/H2BC7/H4C2/H4C1/H4C15/H4C14/H2BC8/H4C4/H2BC5/H4C3/CHEK2/BRCA1/EYA3/H4C6/H2BC13/H2BC4/H2BC12/MRE11/RNF8/H2BU1",38
"R-HSA-165054","Rev-mediated nuclear export of HIV RNA","22/2440","34/10654",2.23823414124856e-07,2.93528420238025e-06,2.40091281316888e-06,"NDC1/NUP155/NUP188/RANBP1/NUP37/NUP35/NUP50/NUP153/NUP205/NUP88/NUP93/NUP210/NUP160/NUP54/XPO1/NUP107/RANGAP1/NUP85/NUP43/NUP133/RAN/RANBP2",22
"R-HSA-8953897","Cellular responses to external stimuli","161/2440","493/10654",2.46530252747621e-07,3.20256752861767e-06,2.61953694577909e-06,"HMGA1/H2BC10/EGLN3/NDC1/RPS6KA3/H2BC17/PHC1/H3C8/TXNRD1/EHMT2/RPS6KA1/AR/TP53/STIP1/LMNB1/MAPKAPK5/CCNA2/RRAGD/CCNE1/CBX2/UBE2C/TUBB4A/NUP155/TNIK/RPA1/TUBB2B/TERF1/HIF3A/NUP188/EP300/H2AX/H3C10/GSR/H2AC8/NUP37/TFDP2/SOD1/H4C9/TNRC6C/H3C1/H3C11/H2BC9/HSPA4/H4C13/NUP35/GSTP1/NUP50/H3C2/NUP153/H1-5/PSME3/E2F2/NUP205/PSMD11/E2F3/NUP88/H2BC15/EZH2/FOS/H2BC6/H3C7/H2AC20/CAT/H2BC11/SIRT1/RPA2/NUP93/FKBP4/ATP6V1E1/RELA/NUP210/EHMT1/NUP160/H3C12/H2BC14/H2AC4/HSP90AB1/ANAPC7/PSMA3/H4C5/H2BC7/H2AZ1/H4C2/RBBP4/NUP54/LAMTOR5/NUP107/MAP2K6/H4C1/MT1X/H4C15/H4C14/MT2A/MTOR/NUP85/H1-3/H1-1/PTGES3/H2BC8/H4C4/CCAR2/HSPA9/H2BC5/MIOS/H4C3/HSPH1/NUP43/TNRC6A/PSMD7/WDR59/HSPA14/H1-4/HMGA2/ID1/PSMA2/CCNA1/CAMK2D/TUBB2A/CABIN1/EEF1A1/HSPA5/H2AC14/MT1H/H4C6/PRDX2/H2BC13/MT1G/CDC27/H2AC6/ANAPC1/H1-2/CDK4/NUP133/C12orf66/CYCS/H2BC4/MT1F/HSPA13/MAPK10/H2BC12/TXN/HSBP1/SLC38A9/MRE11/ATP6V1D/SUZ12/RRAGB/DNAJB6/H2BU1/H3C6/PRDX3/CDK2/HIGD1A/ATP6V1A/PRDX5/RANBP2/PSMA5/H2AZ2/PSMA6/PSMD10/CCNE2",161
"R-HSA-5693616","Presynaptic phase of homologous DNA pairing and strand exchange","24/2440","39/10654",2.51776711537004e-07,3.24015450267715e-06,2.65028117407373e-06,"BRCA2/BLM/XRCC2/EXO1/TOP3A/DNA2/RPA1/RFC3/RFC5/CHEK1/RFC2/BARD1/BRIP1/TOPBP1/RPA2/RAD51/RFC4/BRCA1/RBBP8/WRN/RMI1/RHNO1/MRE11/RAD51B",24
"R-HSA-2980766","Nuclear Envelope Breakdown","29/2440","52/10654",2.90205767943394e-07,3.70012354127827e-06,3.0265123947313e-06,"NDC1/LMNB1/CCNB1/NUP155/NUP188/NUP37/PLK1/NUP35/NUP50/NUP153/NUP205/NUP88/PRKCB/VRK1/TMPO/NUP93/NUP210/NUP160/NUP54/NUP107/CCNB2/NUP85/NUP43/CDK1/NUP133/CNEP1R1/LPIN1/NEK9/RANBP2",29
"R-HSA-5651801","PCNA-Dependent Long Patch Base Excision Repair","16/2440","21/10654",3.36482989680662e-07,4.25079886963552e-06,3.47693673547377e-06,"APEX1/POLE/RPA1/LIG1/RFC3/RFC5/FEN1/RFC2/PCNA/RPA2/POLD3/RFC4/POLE2/POLD1/POLB/RFC1",16
"R-HSA-3214842","HDMs demethylate histones","28/2440","50/10654",4.14068640144317e-07,5.18338652253385e-06,4.23974588473128e-06,"H3C8/H3C10/H4C9/KDM1A/H3C1/H3C11/H4C13/H3C2/KDM4A/H3C7/H3C12/KDM2B/H4C5/H4C2/KDM6A/H4C1/H4C15/H4C14/KDM5B/H4C4/H4C3/KDM3B/H4C6/PHF8/UTY/KDM5A/H3C6/KDM4C",28
"R-HSA-2262752","Cellular responses to stress","156/2440","479/10654",4.6035518708574e-07,5.68398640069552e-06,4.64921106046264e-06,"HMGA1/H2BC10/EGLN3/NDC1/RPS6KA3/H2BC17/PHC1/H3C8/TXNRD1/EHMT2/RPS6KA1/AR/TP53/STIP1/LMNB1/MAPKAPK5/CCNA2/RRAGD/CCNE1/CBX2/UBE2C/TUBB4A/NUP155/TNIK/RPA1/TUBB2B/TERF1/HIF3A/NUP188/EP300/H2AX/H3C10/GSR/H2AC8/NUP37/TFDP2/SOD1/H4C9/TNRC6C/H3C1/H3C11/H2BC9/HSPA4/H4C13/NUP35/GSTP1/NUP50/H3C2/NUP153/H1-5/PSME3/E2F2/NUP205/PSMD11/E2F3/NUP88/H2BC15/EZH2/FOS/H2BC6/H3C7/H2AC20/CAT/H2BC11/SIRT1/RPA2/NUP93/FKBP4/ATP6V1E1/RELA/NUP210/EHMT1/NUP160/H3C12/H2BC14/H2AC4/HSP90AB1/ANAPC7/PSMA3/H4C5/H2BC7/H2AZ1/H4C2/RBBP4/NUP54/LAMTOR5/NUP107/MAP2K6/H4C1/H4C15/H4C14/MTOR/NUP85/H1-3/H1-1/PTGES3/H2BC8/H4C4/CCAR2/HSPA9/H2BC5/MIOS/H4C3/HSPH1/NUP43/TNRC6A/PSMD7/WDR59/HSPA14/H1-4/HMGA2/ID1/PSMA2/CCNA1/CAMK2D/TUBB2A/CABIN1/EEF1A1/HSPA5/H2AC14/H4C6/PRDX2/H2BC13/CDC27/H2AC6/ANAPC1/H1-2/CDK4/NUP133/C12orf66/CYCS/H2BC4/HSPA13/MAPK10/H2BC12/TXN/HSBP1/SLC38A9/MRE11/ATP6V1D/SUZ12/RRAGB/DNAJB6/H2BU1/H3C6/PRDX3/CDK2/HIGD1A/ATP6V1A/PRDX5/RANBP2/PSMA5/H2AZ2/PSMA6/PSMD10/CCNE2",156
"R-HSA-159236","Transport of Mature mRNA derived from an Intron-Containing Transcript","37/2440","75/10654",4.62314071806752e-07,5.68398640069552e-06,4.64921106046264e-06,"NDC1/THOC6/SRSF2/DDX39A/NUP155/SRRM1/NUP188/NUP37/NUP35/NUP50/NUP153/NUP205/NUP88/RNPS1/NUP93/NUP210/NCBP1/NUP160/NUP54/SRSF7/NUP107/ALYREF/NUP85/NUP43/SRSF1/CHTOP/THOC1/U2AF1/NUP133/SRSF11/EIF4A3/ZC3H11A/UPF3B/SLU7/SRSF3/RBM8A/RANBP2",37
"R-HSA-3301854","Nuclear Pore Complex (NPC) Disassembly","22/2440","35/10654",4.723088196809e-07,5.75548004159822e-06,4.70768921340068e-06,"NDC1/CCNB1/NUP155/NUP188/NUP37/NUP35/NUP50/NUP153/NUP205/NUP88/NUP93/NUP210/NUP160/NUP54/NUP107/CCNB2/NUP85/NUP43/CDK1/NUP133/NEK9/RANBP2",22
"R-HSA-69205","G1/S-Specific Transcription","19/2440","28/10654",5.05501640837626e-07,6.10592771432817e-06,4.99433754105503e-06,"ORC1/CDT1/CDC45/CDC6/E2F5/CCNE1/POLA1/TFDP2/PCNA/FBXO5/RBBP4/DHFR/RRM2/CDK1/CCNA1/TYMS/LIN9/RBL2/RBL1",19
"R-HSA-110373","Resolution of AP sites via the multiple-nucleotide patch replacement pathway","18/2440","26/10654",6.43571806521051e-07,7.70607284851728e-06,6.30317467256316e-06,"APEX1/POLE/RPA1/LIG1/RFC3/RFC5/FEN1/PARP1/RFC2/PCNA/RPA2/POLD3/RFC4/POLE2/POLD1/POLB/PARP2/RFC1",18
"R-HSA-168333","NEP/NS2 Interacts with the Cellular Export Machinery","20/2440","31/10654",8.62969910953721e-07,1.02440479946834e-05,8.37910893575755e-06,"NDC1/NUP155/NUP188/NUP37/NUP35/NUP50/NUP153/NUP205/NUP88/NUP93/NUP210/NUP160/NUP54/XPO1/NUP107/NUP85/NUP43/NUP133/RAN/RANBP2",20
"R-HSA-159231","Transport of Mature mRNA Derived from an Intronless Transcript","24/2440","41/10654",9.31353681258879e-07,1.09613164025083e-05,8.96579792125057e-06,"NDC1/CPSF4/NUP155/NUP188/NUP37/NUP35/CPSF2/NUP50/NUP153/NUP205/NUP88/NUP93/NUP210/NCBP1/NUP160/CPSF3/NUP54/WDR33/NUP107/ALYREF/NUP85/NUP43/NUP133/RANBP2",24
"R-HSA-176033","Interactions of Vpr with host cellular proteins","22/2440","36/10654",9.52068874998048e-07,1.11101596684094e-05,9.08754412353177e-06,"HMGA1/NDC1/NUP155/NUP188/NUP37/NUP35/NUP50/NUP153/NUP205/NUP88/NUP93/NUP210/NUP160/NUP54/PSIP1/NUP107/NUP85/SLC25A4/NUP43/SLC25A5/NUP133/RANBP2",22
"R-HSA-6791312","TP53 Regulates Transcription of Cell Cycle Genes","27/2440","49/10654",1.02914120852945e-06,1.19086339844123e-05,9.74065540138449e-06,"E2F8/TP53/CCNA2/ARID3A/E2F7/CCNE1/CCNB1/EP300/TFDP2/CENPJ/PCNA/CDC25C/PLK2/CNOT1/CDK1/CCNA1/NPM1/RBL2/CNOT10/PRMT1/CNOT6/RBL1/AURKA/ZNF385A/CNOT9/CDK2/CCNE2",27
"R-HSA-159234","Transport of Mature mRNAs Derived from Intronless Transcripts","24/2440","42/10654",1.70255012452831e-06,1.95367626789624e-05,1.59800757302219e-05,"NDC1/CPSF4/NUP155/NUP188/NUP37/NUP35/CPSF2/NUP50/NUP153/NUP205/NUP88/NUP93/NUP210/NCBP1/NUP160/CPSF3/NUP54/WDR33/NUP107/ALYREF/NUP85/NUP43/NUP133/RANBP2",24
"R-HSA-4551638","SUMOylation of chromatin organization proteins","34/2440","71/10654",3.16561775155132e-06,3.60252532552576e-05,2.94668203058714e-05,"NDC1/PHC1/CBX2/NUP155/NUP188/NUP37/H4C9/H4C13/NUP35/NUP50/NUP153/NUP205/NUP88/NUP93/NUP210/NUP160/HDAC2/H4C5/H4C2/NUP54/NUP107/H4C1/H4C15/H4C14/NUP85/H4C4/H4C3/NUP43/H4C6/CBX5/NUP133/PIAS2/SUZ12/RANBP2",34
"R-HSA-6804756","Regulation of TP53 Activity through Phosphorylation","41/2440","92/10654",3.28886811370799e-06,3.71210769883271e-05,3.03631482456216e-05,"BLM/SSRP1/TP53/TPX2/MAPKAPK5/CCNA2/EXO1/AURKB/TOP3A/DNA2/TAF5/RPA1/RFC3/RFC5/TAF11/CHEK1/RFC2/BARD1/BRIP1/TOPBP1/TAF13/RPA2/SUPT16H/TBP/RFC4/CHEK2/BRCA1/PRKAA2/CCNA1/TAF4B/RBBP8/WRN/AURKA/RMI1/RHNO1/MRE11/NOC2L/TAF9B/TAF15/CDK2/TAF12",41
"R-HSA-168274","Export of Viral Ribonucleoproteins from Nucleus","20/2440","33/10654",3.59813159318488e-06,3.96370176305246e-05,3.24210594080658e-05,"NDC1/NUP155/NUP188/NUP37/NUP35/NUP50/NUP153/NUP205/NUP88/NUP93/NUP210/NUP160/NUP54/XPO1/NUP107/NUP85/NUP43/NUP133/RAN/RANBP2",20
"R-HSA-180746","Nuclear import of Rev protein","20/2440","33/10654",3.59813159318488e-06,3.96370176305246e-05,3.24210594080658e-05,"NDC1/NUP155/NUP188/NUP37/NUP35/NUP50/NUP153/NUP205/NUP88/NUP93/NUP210/NUP160/NUP54/NUP107/NUP85/NUP43/NPM1/NUP133/RAN/RANBP2",20
"R-HSA-180910","Vpr-mediated nuclear import of PICs","20/2440","33/10654",3.59813159318488e-06,3.96370176305246e-05,3.24210594080658e-05,"HMGA1/NDC1/NUP155/NUP188/NUP37/NUP35/NUP50/NUP153/NUP205/NUP88/NUP93/NUP210/NUP160/NUP54/PSIP1/NUP107/NUP85/NUP43/NUP133/RANBP2",20
"R-HSA-5693554","Resolution of D-loop Structures through Synthesis-Dependent Strand Annealing (SDSA)","17/2440","26/10654",4.47331930684816e-06,4.86106584048673e-05,3.97610400131545e-05,"BRCA2/BLM/XRCC2/EXO1/TOP3A/DNA2/RAD51AP1/BARD1/BRIP1/PALB2/RAD51/BRCA1/RBBP8/WRN/RMI1/MRE11/RAD51B",17
"R-HSA-157118","Signaling by NOTCH","84/2440","235/10654",4.48333596036176e-06,4.86106584048673e-05,3.97610400131545e-05,"HEY2/TACC3/SEL1L/H2BC10/ARRB2/H2BC17/AGO2/H3C8/FABP7/RBPJ/TP53/EGF/WWC1/DLGAP5/EP300/H2AX/H3C10/H2AC8/TFDP2/H4C9/TNRC6C/H3C1/H3C11/H2BC9/CNTN1/H4C13/H3C2/PSME3/PSMD11/TLE1/E2F3/H2BC15/AKT1/H2BC6/H3C7/H2AC20/H2BC11/SKP1/H3C12/HDAC2/H2BC14/H2AC4/PSEN1/PSMA3/H4C5/H2BC7/H2AZ1/H4C2/PBX1/CCNC/H4C1/H4C15/H4C14/DTX4/H2BC8/H4C4/H2BC5/PRKCI/H4C3/TNRC6A/PSMD7/ST3GAL6/DNER/PSMA2/HDAC3/H2AC14/CDK8/ACTA2/H4C6/H2BC13/H2AC6/H2BC4/ELF3/H2BC12/NOTCH1/ITCH/H2BU1/H3C6/ARRB1/JAG1/PSMA5/H2AZ2/PSMA6/PSMD10",84
"R-HSA-73933","Resolution of Abasic Sites (AP sites)","22/2440","39/10654",6.17039709533642e-06,6.63799750021738e-05,5.42954349671873e-05,"LIG3/MUTYH/APEX1/POLE/RPA1/LIG1/RFC3/RFC5/UNG/FEN1/PARP1/RFC2/PCNA/RPA2/POLD3/RFC4/POLE2/POLD1/XRCC1/POLB/PARP2/RFC1",22
"R-HSA-73856","RNA Polymerase II Transcription Termination","32/2440","67/10654",6.5778914560876e-06,7.02151669382374e-05,5.74324264219807e-05,"THOC6/CPSF4/SRSF2/DDX39A/SRRM1/CPSF2/RNPS1/NCBP1/CSTF2/CPSF3/WDR33/NUDT21/SRSF7/ALYREF/SNRPB/SRSF1/CHTOP/THOC1/U2AF1/SNRPG/SNRPF/PCF11/SRSF11/SNRPE/CSTF3/EIF4A3/ZC3H11A/PAPOLA/UPF3B/SLU7/SRSF3/RBM8A",32
"R-HSA-159227","Transport of the SLBP independent Mature mRNA","20/2440","34/10654",6.86012679671702e-06,7.26645738390718e-05,5.94359163764147e-05,"NDC1/NUP155/NUP188/NUP37/NUP35/NUP50/NUP153/NUP205/NUP88/NUP93/NUP210/NCBP1/NUP160/NUP54/NUP107/ALYREF/NUP85/NUP43/NUP133/RANBP2",20
"R-HSA-195721","Signaling by WNT","110/2440","331/10654",8.42415670903907e-06,8.85501052545557e-05,7.24294711022242e-05,"SOX2/H2BC10/ARRB2/H2BC17/WNT5A/AGO2/H3C8/SFRP2/GNAO1/RUVBL1/SOX13/RAC3/CCDC88C/CTBP2/GNB4/FZD5/VANGL2/FZD7/WIF1/PPP3CA/GNG4/PLCB2/EP300/H2AX/H3C10/AXIN2/FZD6/H2AC8/FZD3/PIP5K1B/H4C9/TNRC6C/H3C1/ZNRF3/H3C11/H2BC9/SFRP1/H4C13/BCL9/KMT2D/H3C2/PSME3/PSMD11/TLE1/H2BC15/AKT1/H2BC6/TLE5/PRKCB/H3C7/H2AC20/H2BC11/NLK/SKP1/H3C12/H2BC14/H2AC4/TCF7L1/PSMA3/CHD8/H4C5/H2BC7/H2AZ1/H4C2/GNB2/SOX4/ROR1/XPO1/GNG12/PPP2R1B/CALM2/H4C1/H4C15/H4C14/H2BC8/H4C4/H2BC5/H4C3/TNRC6A/PSMD7/GNG5/SMARCA4/PSMA2/PLCB3/H2AC14/USP34/LRP6/H4C6/H2BC13/ITPR2/H2AC6/PRICKLE1/AMER1/H2BC4/RNF146/H2BC12/AP2A1/VPS26A/VPS35/H2BU1/H3C6/RSPO2/XIAP/RAC1/SRY/PSMA5/PRKG2/H2AZ2/PSMA6/PSMD10",110
"R-HSA-1538133","G0 and Early G1","17/2440","27/10654",9.49959264221819e-06,9.9098023244958e-05,8.10571302007454e-05,"MYBL2/CDC25A/CDC6/E2F5/CCNA2/CCNE1/TFDP2/PCNA/TOP2A/RBBP4/CDK1/CCNA1/LIN9/RBL2/RBL1/CDK2/CCNE2",17
"R-HSA-3108214","SUMOylation of DNA damage response and repair proteins","35/2440","77/10654",9.9132615849668e-06,0.000102635798515032,8.39508499874513e-05,"NDC1/BLM/PHC1/MDC1/PIAS4/CBX2/RNF168/NUP155/RPA1/NUP188/NUP37/PARP1/NUP35/NUP50/NUP153/NUP205/SMC1A/NUP88/NUP93/NUP210/NUP160/NSMCE4A/NUP54/NUP107/NUP85/NUP43/SMC3/BRCA1/WRN/NUP133/PIAS2/SMC6/STAG1/RANBP2/NSMCE2",35
"R-HSA-159230","Transport of the SLBP Dependant Mature mRNA","20/2440","35/10654",1.2569130329327e-05,0.000129161884055845,0.000105647835446817,"NDC1/NUP155/NUP188/NUP37/NUP35/NUP50/NUP153/NUP205/NUP88/NUP93/NUP210/NCBP1/NUP160/NUP54/NUP107/ALYREF/NUP85/NUP43/NUP133/RANBP2",20
"R-HSA-5696397","Gap-filling DNA repair synthesis and ligation in GG-NER","16/2440","25/10654",1.29493336836432e-05,0.00013208320357316,0.000108037325859635,"LIG3/POLE/RPA1/LIG1/RFC3/POLK/RFC5/RFC2/PCNA/RPA2/POLD3/RFC4/POLE2/POLD1/XRCC1/RFC1",16
"R-HSA-156711","Polo-like kinase mediated events","12/2440","16/10654",1.4446874601623e-05,0.000146274605341432,0.00011964516891437,"MYBL2/CDC25A/CCNB1/EP300/FOXM1/PLK1/PKMYT1/CDC25C/CENPF/RBBP4/CCNB2/LIN9",12
"R-HSA-174411","Polymerase switching on the C-strand of the telomere","11/2440","14/10654",1.61062352818686e-05,0.000159556014267144,0.000130508684222638,"POLA2/PRIM1/RFC3/RFC5/POLA1/RFC2/PCNA/POLD3/RFC4/POLD1/RFC1",11
"R-HSA-69091","Polymerase switching","11/2440","14/10654",1.61062352818686e-05,0.000159556014267144,0.000130508684222638,"POLA2/PRIM1/RFC3/RFC5/POLA1/RFC2/PCNA/POLD3/RFC4/POLD1/RFC1",11
"R-HSA-69109","Leading Strand Synthesis","11/2440","14/10654",1.61062352818686e-05,0.000159556014267144,0.000130508684222638,"POLA2/PRIM1/RFC3/RFC5/POLA1/RFC2/PCNA/POLD3/RFC4/POLD1/RFC1",11
"R-HSA-5693568","Resolution of D-loop Structures through Holliday Junction Intermediates","19/2440","33/10654",1.79086029094654e-05,0.000176143901473813,0.000144076730173894,"BRCA2/BLM/XRCC2/EXO1/TOP3A/DNA2/RAD51AP1/BARD1/BRIP1/PALB2/RAD51/BRCA1/GEN1/RBBP8/EME1/WRN/RMI1/MRE11/RAD51B",19
"R-HSA-69002","DNA Replication Pre-Initiation","37/2440","85/10654",1.87551209381501e-05,0.000183161712991721,0.000149816942171113,"ORC1/MCM2/CDT1/POLA2/MCM7/CDC45/MCM3/MCM5/CDC6/PRIM1/POLE/MCM10/RPA1/POLA1/MCM4/ORC2/CDC7/PSME3/E2F2/PSMD11/E2F3/ORC6/RPA2/MCM8/PSMA3/GMNN/MCM6/POLE2/PSMD7/PSMA2/ORC4/ORC3/DBF4/CDK2/PSMA5/PSMA6/PSMD10",37
"R-HSA-72187","mRNA 3'-end processing","28/2440","58/10654",1.91017067971163e-05,0.000185232748307247,0.000151510943461189,"THOC6/CPSF4/SRSF2/DDX39A/SRRM1/CPSF2/RNPS1/NCBP1/CSTF2/CPSF3/WDR33/NUDT21/SRSF7/ALYREF/SRSF1/CHTOP/THOC1/U2AF1/PCF11/SRSF11/CSTF3/EIF4A3/ZC3H11A/PAPOLA/UPF3B/SLU7/SRSF3/RBM8A",28
"R-HSA-5633007","Regulation of TP53 Activity","60/2440","160/10654",1.98008824588957e-05,0.000190047036165209,0.000155448785457917,"BLM/SSRP1/EHMT2/TP53/TPX2/MAPKAPK5/CCNA2/EXO1/AURKB/TOP3A/DNA2/TAF5/RPA1/EP300/USP7/RFC3/RFC5/TAF11/CHD4/CHEK1/RFC2/CCNG1/AKT1/BARD1/BRIP1/TOPBP1/TAF13/RPA2/EHMT1/HDAC2/PRMT5/SUPT16H/TBP/RBBP4/PPP2R1B/MAP2K6/MTOR/RFC4/CHEK2/CDK1/BRCA1/PRKAA2/CCNA1/TAF4B/BRD7/RBBP8/WRN/AURKA/RMI1/GATAD2A/RICTOR/RHNO1/ZNF385A/MRE11/NOC2L/TAF9B/TAF15/CDK2/PHF20/TAF12",60
"R-HSA-8939236","RUNX1 regulates transcription of genes involved in differentiation of HSCs","51/2440","130/10654",1.9874199860414e-05,0.000190047036165209,0.000155448785457917,"H2BC10/H2BC17/H3C8/H2AX/H3C10/H2AC8/H4C9/H3C1/H3C11/H2BC9/H4C13/H3C2/PSME3/PSMD11/H2BC15/H2BC6/H3C7/H2AC20/H2BC11/MYB/H3C12/H2BC14/H2AC4/PSMA3/H4C5/H2BC7/H2AZ1/H4C2/H4C1/H4C15/H4C14/KMT2A/H2BC8/H4C4/H2BC5/H4C3/PSMD7/PSMA2/H2AC14/H4C6/H2BC13/H2AC6/H2BC4/H2BC12/ITCH/H2BU1/H3C6/PSMA5/H2AZ2/PSMA6/PSMD10",51
"R-HSA-168271","Transport of Ribonucleoproteins into the Host Nucleus","18/2440","31/10654",2.54782193329712e-05,0.000238663319874158,0.000195214426682987,"NDC1/NUP155/NUP188/NUP37/NUP35/NUP50/NUP153/NUP205/NUP88/NUP93/NUP210/NUP160/NUP54/NUP107/NUP85/NUP43/NUP133/RANBP2",18
"R-HSA-170822","Regulation of Glucokinase by Glucokinase Regulatory Protein","18/2440","31/10654",2.54782193329712e-05,0.000238663319874158,0.000195214426682987,"NDC1/NUP155/NUP188/NUP37/NUP35/NUP50/NUP153/NUP205/NUP88/NUP93/NUP210/NUP160/NUP54/NUP107/NUP85/NUP43/NUP133/RANBP2",18
"R-HSA-5619107","Defective TPR may confer susceptibility towards thyroid papillary carcinoma (TPC)","18/2440","31/10654",2.54782193329712e-05,0.000238663319874158,0.000195214426682987,"NDC1/NUP155/NUP188/NUP37/NUP35/NUP50/NUP153/NUP205/NUP88/NUP93/NUP210/NUP160/NUP54/NUP107/NUP85/NUP43/NUP133/RANBP2",18
"R-HSA-4085377","SUMOylation of SUMOylation proteins","19/2440","34/10654",3.19033393189464e-05,0.000294838243236169,0.000241162649744067,"NDC1/PIAS4/NUP155/NUP188/NUP37/NUP35/NUP50/NUP153/NUP205/NUP88/NUP93/NUP210/NUP160/NUP54/NUP107/NUP85/NUP43/NUP133/RANBP2",19
"R-HSA-5693537","Resolution of D-Loop Structures","19/2440","34/10654",3.19033393189464e-05,0.000294838243236169,0.000241162649744067,"BRCA2/BLM/XRCC2/EXO1/TOP3A/DNA2/RAD51AP1/BARD1/BRIP1/PALB2/RAD51/BRCA1/GEN1/RBBP8/EME1/WRN/RMI1/MRE11/RAD51B",19
"R-HSA-5685938","HDR through Single Strand Annealing (SSA)","20/2440","37/10654",3.79769201762564e-05,0.000348628127218034,0.000285160032200662,"BLM/EXO1/TOP3A/DNA2/RPA1/RFC3/RFC5/RFC2/BARD1/BRIP1/TOPBP1/RPA2/RAD51/RFC4/BRCA1/RBBP8/WRN/RMI1/RHNO1/MRE11",20
"R-HSA-72306","tRNA processing","43/2440","107/10654",4.43779021804929e-05,0.000404691200679065,0.000331016767745747,"NDC1/TRMT1/WDR4/CPSF4/POP4/NUP155/NUP188/NUP37/NUP35/NUP50/NUP153/NUP205/NUP88/ADAT2/NUP93/NUP210/PUS7/NUP160/ELAC2/CSTF2/NUP54/NUP107/NUP85/EPRS1/NSUN2/NUP43/CDKAL1/PRORP/RPP30/TYW3/POP7/QTRT2/TRMT11/NSUN6/NUP133/TSEN2/RAN/TRMT10C/PUS3/TYW5/PUS1/RANBP2/TRMT61B",43
"R-HSA-3700989","Transcriptional Regulation by TP53","116/2440","365/10654",4.66040350225376e-05,0.000422195764644962,0.000345334608546504,"BLM/E2F8/AGO2/SSRP1/TXNRD1/EHMT2/MDC1/POLR2H/TP53/TPX2/MAPKAPK5/CCNA2/RRAGD/ARID3A/EXO1/E2F7/AURKB/CCNE1/TOP3A/DNA2/CCNB1/SCO1/TAF5/RPA1/EP300/USP7/GSR/RFC3/RFC5/TFDP2/TAF11/FANCD2/CHD4/CHEK1/MSH2/TNRC6C/BIRC5/RFC2/CENPJ/CCNG1/PCNA/FANCI/PMAIP1/AKT1/BARD1/FOS/BRIP1/FAS/TOPBP1/GTF2H3/CDC25C/TAF13/RPA2/EHMT1/LRPPRC/HDAC2/PRMT5/SUPT16H/TBP/RBBP4/PLK2/CNOT1/LAMTOR5/COX5A/PPP2R1B/MAP2K6/GLS/MTOR/RFC4/TNRC6A/COX7C/CHEK2/POLR2D/CDK1/BRCA1/PRKAA2/CCNA1/TAF4B/NPM1/RBL2/CNOT10/PRMT1/BRD7/PRDX2/RBBP8/POLR2B/CNOT6/RBL1/GLS2/WRN/CYCS/AURKA/RMI1/GATAD2A/TXN/ZNF420/CCNT2/RICTOR/SLC38A9/RHNO1/ZNF385A/MRE11/RABGGTB/CASP6/CNOT9/RRAGB/NOC2L/TAF9B/TAF15/CDK2/CCNT1/YWHAG/PRDX5/PHF20/CCNE2/TAF12",116
"R-HSA-69183","Processive synthesis on the lagging strand","11/2440","15/10654",4.78319861474886e-05,0.000427692499513583,0.000349830657401318,"POLA2/PRIM1/DNA2/RPA1/LIG1/POLA1/FEN1/PCNA/RPA2/POLD3/POLD1",11
"R-HSA-8956320","Nucleobase biosynthesis","11/2440","15/10654",4.78319861474886e-05,0.000427692499513583,0.000349830657401318,"PFAS/PPAT/CAD/ATIC/PAICS/UMPS/ADSL/GART/GMPS/IMPDH2/ADSS2",11
"R-HSA-68689","CDC6 association with the ORC:origin complex","9/2440","11/10654",5.95313162334619e-05,0.000528868531957916,0.000432587493173543,"ORC1/CDC6/ORC2/E2F2/E2F3/ORC6/MCM8/ORC4/ORC3",9
"R-HSA-3232142","SUMOylation of ubiquitinylation proteins","20/2440","38/10654",6.29968880724222e-05,0.00055427204910476,0.000453366274924201,"NDC1/PIAS4/NUP155/NUP188/NUP37/NUP35/NUP50/NUP153/NUP205/NUP88/NUP93/NUP210/NUP160/NUP54/NUP107/NUP85/NUP43/NUP133/PIAS2/RANBP2",20
"R-HSA-3371556","Cellular response to heat stress","37/2440","89/10654",6.31958690700416e-05,0.00055427204910476,0.000453366274924201,"NDC1/NUP155/RPA1/NUP188/EP300/NUP37/HSPA4/NUP35/NUP50/NUP153/NUP205/NUP88/SIRT1/RPA2/NUP93/FKBP4/NUP210/NUP160/HSP90AB1/NUP54/NUP107/MTOR/NUP85/PTGES3/CCAR2/HSPA9/HSPH1/NUP43/HSPA14/CAMK2D/EEF1A1/HSPA5/NUP133/HSPA13/HSBP1/DNAJB6/RANBP2",37
"R-HSA-201681","TCF dependent signaling in response to WNT","79/2440","233/10654",7.18182913212279e-05,0.000625910045248929,0.000511962503089366,"SOX2/H2BC10/H2BC17/WNT5A/H3C8/SFRP2/RUVBL1/SOX13/CCDC88C/FZD5/WIF1/EP300/H2AX/H3C10/AXIN2/FZD6/H2AC8/PIP5K1B/H4C9/H3C1/ZNRF3/H3C11/H2BC9/SFRP1/H4C13/BCL9/KMT2D/H3C2/PSME3/PSMD11/TLE1/H2BC15/AKT1/H2BC6/H3C7/H2AC20/H2BC11/H3C12/H2BC14/H2AC4/TCF7L1/PSMA3/CHD8/H4C5/H2BC7/H2AZ1/H4C2/SOX4/XPO1/PPP2R1B/H4C1/H4C15/H4C14/H2BC8/H4C4/H2BC5/H4C3/PSMD7/SMARCA4/PSMA2/H2AC14/USP34/LRP6/H4C6/H2BC13/H2AC6/AMER1/H2BC4/RNF146/H2BC12/H2BU1/H3C6/RSPO2/XIAP/SRY/PSMA5/H2AZ2/PSMA6/PSMD10",79
"R-HSA-6804114","TP53 Regulates Transcription of Genes Involved in G2 Cell Cycle Arrest","12/2440","18/10654",9.21784545426141e-05,0.000798300200661507,0.000652968860381312,"TP53/CCNB1/EP300/TFDP2/PCNA/CDC25C/CDK1/RBL2/PRMT1/RBL1/AURKA/ZNF385A",12
"R-HSA-168253","Host Interactions with Influenza Factors","21/2440","42/10654",0.000109968080268216,0.000946412790808331,0.000774117407151255,"NDC1/KPNA2/CPSF4/NUP155/NUP188/NUP37/NUP35/NUP50/NUP153/NUP205/NUP88/NUP93/NUP210/NUP160/NUP54/NUP107/NUP85/NUP43/TGFB1/NUP133/RANBP2",21
"R-HSA-6784531","tRNA processing in the nucleus","26/2440","57/10654",0.000125179125691772,0.00107063140420851,0.000875721899249401,"NDC1/CPSF4/POP4/NUP155/NUP188/NUP37/NUP35/NUP50/NUP153/NUP205/NUP88/NUP93/NUP210/NUP160/ELAC2/CSTF2/NUP54/NUP107/NUP85/NUP43/RPP30/POP7/NUP133/TSEN2/RAN/RANBP2",26
"R-HSA-162587","HIV Life Cycle","55/2440","152/10654",0.000132190238835713,0.00112361703010356,0.000919061439598522,"HMGA1/NDC1/SSRP1/NEDD4L/POLR2H/NUP155/TAF5/NUP188/RANBP1/LIG1/NUP37/TAF11/FEN1/NUP35/NUP50/NUP153/NUP205/NUP88/GTF2H3/TAF13/NUP93/NUP210/NCBP1/NUP160/SUPT16H/TBP/NUP54/GTF2B/XPO1/PSIP1/GTF2E1/NUP107/XRCC5/RANGAP1/NUP85/NUP43/POLR2D/CHMP4C/CHMP5/TAF4B/POLR2B/PDCD6IP/NUP133/XRCC6/CCNT2/RAN/RNGTT/LIG4/RNMT/TAF9B/TAF15/CXCR4/CCNT1/RANBP2/TAF12",55
"R-HSA-8854518","AURKA Activation by TPX2","31/2440","73/10654",0.000152234977754368,0.00128605867710285,0.00105193042426331,"TPX2/HAUS4/TUBB4A/ALMS1/NINL/CEP72/NEK2/PRKAR2B/PLK1/CENPJ/HAUS8/CEP78/TUBB/CEP135/HMMR/PLK4/HAUS1/CDK1/CEP152/FGFR1OP/TUBG1/HAUS6/AURKA/CEP57/CKAP5/CEP76/PCM1/CSNK1D/YWHAG/CEP290/CEP70",31
"R-HSA-6804116","TP53 Regulates Transcription of Genes Involved in G1 Cell Cycle Arrest","10/2440","14/10654",0.000155020634133801,0.00129371765577118,0.00105819507829772,"E2F8/TP53/CCNA2/ARID3A/E2F7/CCNE1/CCNA1/ZNF385A/CDK2/CCNE2",10
"R-HSA-69166","Removal of the Flap Intermediate","10/2440","14/10654",0.000155020634133801,0.00129371765577118,0.00105819507829772,"POLA2/PRIM1/DNA2/RPA1/POLA1/FEN1/PCNA/RPA2/POLD3/POLD1",10
"R-HSA-168276","NS1 Mediated Effects on Host Pathways","20/2440","40/10654",0.000159789422640307,0.00132548213840784,0.00108417680548591,"NDC1/KPNA2/CPSF4/NUP155/NUP188/NUP37/NUP35/NUP50/NUP153/NUP205/NUP88/NUP93/NUP210/NUP160/NUP54/NUP107/NUP85/NUP43/NUP133/RANBP2",20
"R-HSA-168325","Viral Messenger RNA Synthesis","21/2440","43/10654",0.000168890736046758,0.0013925900810562,0.00113906768087003,"NDC1/POLR2H/NUP155/NUP188/NUP37/NUP35/NUP50/NUP153/NUP205/NUP88/NUP93/NUP210/NUP160/NUP54/NUP107/NUP85/NUP43/POLR2D/POLR2B/NUP133/RANBP2",21
"R-HSA-8878171","Transcriptional regulation by RUNX1","79/2440","239/10654",0.000184859318928651,0.00151518620336162,0.0012393450579803,"CCND2/H2BC10/CTSV/H2BC17/PHC1/SMARCC1/AGO2/H3C8/ARID1A/AUTS2/SMARCD1/CBX2/PRKCQ/EP300/H2AX/H3C10/H2AC8/H4C9/TNRC6C/H3C1/H3C11/H2BC9/H4C13/KMT2D/H3C2/PSME3/PSMD11/SIN3A/H2BC15/H2BC6/PRKCB/H3C7/H2AC20/H2BC11/MYB/H3C12/H2BC14/H2AC4/PSMA3/H4C5/H2BC7/H2AZ1/H4C2/H4C1/H4C15/H4C14/KMT2A/H2BC8/H4C4/H2BC5/H4C3/TNRC6A/PSMD7/SMARCA4/PSMA2/LGALS3/ARID2/H2AC14/PRMT1/ELF1/H4C6/H2BC13/H2AC6/DPY30/PRMT6/H2BC4/H2BC12/RUNX2/WDR5/ACTL6A/ITCH/H2BU1/H3C6/SOCS4/ELF2/PSMA5/H2AZ2/PSMA6/PSMD10",79
"R-HSA-73817","Purine ribonucleoside monophosphate biosynthesis","9/2440","12/10654",0.00018943510486253,0.00154350378340653,0.00126250739459924,"PFAS/PPAT/ATIC/PAICS/ADSL/GART/GMPS/IMPDH2/ADSS2",9
"R-HSA-452723","Transcriptional regulation of pluripotent stem cells","14/2440","24/10654",0.000192999830230737,0.00156329862486897,0.00127869856561541,"SOX2/SALL4/PRDM14/ZSCAN10/LIN28A/ZIC3/DPPA4/TDGF1/HIF3A/NR6A1/EPHA1/PBX1/SALL1/SMAD2",14
"R-HSA-390450","Folding of actin by CCT/TriC","8/2440","10/10654",0.000214573857618687,0.00171783838337751,0.00140510420839654,"CCT8/CCT4/CCT2/CCT6A/CCT7/TCP1/CCT5/CCT3",8
"R-HSA-5685939","HDR through MMEJ (alt-NHEJ)","8/2440","10/10654",0.000214573857618687,0.00171783838337751,0.00140510420839654,"LIG3/FEN1/PARP1/POLQ/XRCC1/RBBP8/PARP2/MRE11",8
"R-HSA-70326","Glucose metabolism","36/2440","91/10654",0.000260461355269056,0.00207315194338434,0.00169573258374135,"PGM2L1/NDC1/SLC37A4/SLC25A13/HK1/NUP155/NUP188/ENO2/NUP37/NUP35/NUP50/NUP153/NUP205/NUP88/ALDOC/NUP93/NUP210/NUP160/SLC37A1/NUP54/PPP2R1B/GNPDA1/NUP107/NUP85/SLC25A11/NUP43/PFKFB2/MDH1/GOT2/HK2/SLC25A10/NUP133/FBP1/PGP/PFKFB4/RANBP2",36
"R-HSA-113510","E2F mediated regulation of DNA replication","13/2440","22/10654",0.000275451983227532,0.00217987000519719,0.00178302251695983,"ORC1/POLA2/PRIM1/CCNB1/POLA1/TFDP2/ORC2/ORC6/MCM8/PPP2R1B/CDK1/ORC4/ORC3",13
"R-HSA-110314","Recognition of DNA damage by PCNA-containing replication complex","16/2440","30/10654",0.000279905757125709,0.00220245844321201,0.00180149870751584,"POLE/RPA1/RFC3/RFC5/RFC2/PCNA/DTL/RPA2/POLD3/RAD18/CUL4B/RFC4/POLE2/POLD1/USP1/RFC1",16
"R-HSA-3371453","Regulation of HSF1-mediated heat shock response","29/2440","69/10654",0.000304230491805213,0.00238025788190783,0.00194692958272475,"NDC1/NUP155/RPA1/NUP188/NUP37/HSPA4/NUP35/NUP50/NUP153/NUP205/NUP88/SIRT1/RPA2/NUP93/NUP210/NUP160/NUP54/NUP107/NUP85/CCAR2/HSPA9/HSPH1/NUP43/HSPA14/HSPA5/NUP133/HSPA13/DNAJB6/RANBP2",29
"R-HSA-191273","Cholesterol biosynthesis","14/2440","25/10654",0.000346501741578759,0.0026805218997413,0.00219253023943981,"TM7SF2/DHCR7/ACAT2/HMGCS1/LBR/IDI1/SQLE/FDFT1/HMGCR/DHCR24/MSMO1/EBP/FDPS/SC5D",14
"R-HSA-69273","Cyclin A/B1/B2 associated events during G2/M transition","14/2440","25/10654",0.000346501741578759,0.0026805218997413,0.00219253023943981,"CDC25A/CCNA2/LCMT1/CCNB1/FOXM1/PLK1/PKMYT1/CDC25C/XPO1/PPP2R1B/CCNB2/CDK1/CCNA1/CDK2",14
"R-HSA-5689880","Ub-specific processing proteases","72/2440","220/10654",0.000483561723640984,0.00371991337124936,0.00304269946660308,"USP44/CDC25A/H2BC10/ARRB2/H2BC17/RUVBL1/CYLD/H2AC16/AR/TP53/CCNA2/FOXO4/USP7/AXIN2/H2AC8/H2AC21/H2BC9/CDC20/H2AW/PSME3/PSMD11/H2BC15/H2BC6/USP28/H2AC20/SUDS3/USP37/H2BC11/USP3/CLSPN/H2BC14/H2AC4/PSMA3/H2BC7/RHOT1/H2AC11/H2AC12/SKP2/H2BC8/USP47/H2BC5/PSMD7/TGFBR1/H2AC15/PSMA2/BIRC2/CCNA1/USP9X/CFTR/H2AC17/USP10/H2AC13/H2AC14/USP34/USP15/H2BC13/USP49/H2AC6/POLB/H2BC4/RNF146/H2BC12/TRAF2/TAF9B/H2BU1/ARRB1/USP33/SMAD2/PSMA5/TOMM20/PSMA6/PSMD10",72
"R-HSA-174414","Processive synthesis on the C-strand of the telomere","8/2440","11/10654",0.000628020634645951,0.00477781444147776,0.00390800860175149,"DNA2/RPA1/LIG1/FEN1/PCNA/RPA2/POLD3/POLD1",8
"R-HSA-2514853","Condensation of Prometaphase Chromosomes","8/2440","11/10654",0.000628020634645951,0.00477781444147776,0.00390800860175149,"CCNB1/NCAPH/NCAPG/NCAPD2/CCNB2/CDK1/SMC2/SMC4",8
"R-HSA-162906","HIV Infection","75/2440","233/10654",0.000644938918615353,0.00487956533479858,0.00399123564440965,"B2M/ELMO1/HMGA1/NDC1/AP1M2/SSRP1/NEDD4L/POLR2H/NUP155/TAF5/NUP188/RANBP1/LIG1/NUP37/TAF11/FEN1/NUP35/NUP50/NUP153/PSME3/NUP205/PSMD11/NUP88/GTF2H3/TAF13/NUP93/NUP210/NCBP1/NUP160/SKP1/PSMA3/SUPT16H/TBP/NUP54/GTF2B/XPO1/PSIP1/GTF2E1/NUP107/XRCC5/RANGAP1/NUP85/LCK/SLC25A4/NUP43/PSMD7/POLR2D/CHMP4C/SLC25A5/CHMP5/PSMA2/TAF4B/NPM1/POLR2B/AP1S3/PDCD6IP/NUP133/XRCC6/AP2A1/CCNT2/RAN/RNGTT/LIG4/RNMT/TAF9B/TAF15/CXCR4/CCNT1/RAC1/RANBP2/PSMA5/CUL5/PSMA6/PSMD10/TAF12",75
"R-HSA-983189","Kinesins","25/2440","59/10654",0.000670420958729286,0.00504464295174987,0.00412626071809224,"KIF22/KIF1A/TUBB4A/TUBB2B/KIF13B/KIF21A/KIF23/KIF21B/KIF18B/KIF15/KIF5A/KIF11/KIF4A/KIFC1/KIF2A/KIF1B/KIF2C/TUBB2A/RACGAP1/KIF3C/KIFAP3/KIF20A/KIF18A/CENPE/KIF20B",25
"R-HSA-4570464","SUMOylation of RNA binding proteins","21/2440","47/10654",0.000770017120059938,0.00576257377349204,0.00471349152439436,"NDC1/PHC1/CBX2/NUP155/NUP188/NUP37/NUP35/NUP50/NUP153/NUP205/NUP88/NUP93/NUP210/NUP160/NUP54/NUP107/NUP85/NUP43/NOP58/NUP133/RANBP2",21
"R-HSA-1834941","STING mediated induction of host immune responses","10/2440","16/10654",0.000782929094369818,0.00579620087606043,0.00474099677971537,"IFI16/XRCC5/DTX4/IRF3/PRKDC/XRCC6/MRE11/CGAS/TRIM21/TBK1",10
"R-HSA-2559584","Formation of Senescence-Associated Heterochromatin Foci (SAHF)","10/2440","16/10654",0.000782929094369818,0.00579620087606043,0.00474099677971537,"HMGA1/TP53/LMNB1/H1-5/H1-3/H1-1/H1-4/HMGA2/CABIN1/H1-2",10
"R-HSA-453274","Mitotic G2-G2/M phases","65/2440","198/10654",0.000810544458721499,0.00596855465058558,0.00488197337929639,"MYBL2/CDC25A/GTSE1/TP53/TPX2/HAUS4/CCNA2/TUBB4A/LCMT1/CCNB1/ALMS1/TUBB2B/EP300/NINL/CEP72/FOXM1/NEK2/PRKAR2B/PLK1/PKMYT1/CENPJ/PSME3/PSMD11/E2F3/HAUS8/CDC25C/CEP78/TUBB/SKP1/HSP90AB1/PSMA3/CENPF/RBBP4/XPO1/CEP135/PPP2R1B/CCNB2/HMMR/TUBGCP4/PSMD7/PLK4/HAUS1/CDK1/CEP152/PSMA2/CCNA1/FGFR1OP/BORA/TUBB2A/LIN9/TUBG1/HAUS6/AURKA/CEP57/CKAP5/CEP76/PCM1/CDK2/CSNK1D/YWHAG/CEP290/PSMA5/CEP70/PSMA6/PSMD10",65
"R-HSA-380259","Loss of Nlp from mitotic centrosomes","28/2440","70/10654",0.000988515389640224,0.0072020406959502,0.0058909020713731,"HAUS4/TUBB4A/ALMS1/NINL/CEP72/NEK2/PRKAR2B/PLK1/CENPJ/HAUS8/CEP78/TUBB/CEP135/PLK4/HAUS1/CDK1/CEP152/FGFR1OP/TUBG1/HAUS6/CEP57/CKAP5/CEP76/PCM1/CSNK1D/YWHAG/CEP290/CEP70",28
"R-HSA-380284","Loss of proteins required for interphase microtubule organization from the centrosome","28/2440","70/10654",0.000988515389640224,0.0072020406959502,0.0058909020713731,"HAUS4/TUBB4A/ALMS1/NINL/CEP72/NEK2/PRKAR2B/PLK1/CENPJ/HAUS8/CEP78/TUBB/CEP135/PLK4/HAUS1/CDK1/CEP152/FGFR1OP/TUBG1/HAUS6/CEP57/CKAP5/CEP76/PCM1/CSNK1D/YWHAG/CEP290/CEP70",28
"R-HSA-69275","G2/M Transition","64/2440","196/10654",0.00103323451153303,0.00748823117042625,0.00612499128720414,"MYBL2/CDC25A/GTSE1/TP53/TPX2/HAUS4/CCNA2/TUBB4A/LCMT1/CCNB1/ALMS1/TUBB2B/EP300/NINL/CEP72/FOXM1/NEK2/PRKAR2B/PLK1/PKMYT1/CENPJ/PSME3/PSMD11/HAUS8/CDC25C/CEP78/TUBB/SKP1/HSP90AB1/PSMA3/CENPF/RBBP4/XPO1/CEP135/PPP2R1B/CCNB2/HMMR/TUBGCP4/PSMD7/PLK4/HAUS1/CDK1/CEP152/PSMA2/CCNA1/FGFR1OP/BORA/TUBB2A/LIN9/TUBG1/HAUS6/AURKA/CEP57/CKAP5/CEP76/PCM1/CDK2/CSNK1D/YWHAG/CEP290/PSMA5/CEP70/PSMA6/PSMD10",64
"R-HSA-73893","DNA Damage Bypass","21/2440","48/10654",0.00107699190151743,0.00776449135282463,0.00635095803044173,"POLE/RPA1/PCLAF/RFC3/POLK/RFC5/RFC2/PCNA/DTL/RPA2/POLD3/MAD2L2/RAD18/CUL4B/RFC4/POLE2/POLD1/USP10/USP1/RFC1/RCHY1",21
"R-HSA-5358565","Mismatch repair (MMR) directed by MSH2:MSH6 (MutSalpha)","9/2440","14/10654",0.00109330711259893,0.00784106194817049,0.00641358887325033,"EXO1/RPA1/LIG1/MSH6/MSH2/PCNA/RPA2/POLD3/POLD1",9
"R-HSA-162909","Host Interactions of HIV factors","45/2440","129/10654",0.00125650874386644,0.00896483181504705,0.00733277532553633,"B2M/ELMO1/HMGA1/NDC1/AP1M2/NUP155/NUP188/RANBP1/NUP37/NUP35/NUP50/NUP153/PSME3/NUP205/PSMD11/NUP88/NUP93/NUP210/NUP160/SKP1/PSMA3/NUP54/XPO1/PSIP1/NUP107/RANGAP1/NUP85/LCK/SLC25A4/NUP43/PSMD7/SLC25A5/PSMA2/NPM1/AP1S3/NUP133/AP2A1/RAN/CCNT1/RAC1/RANBP2/PSMA5/CUL5/PSMA6/PSMD10",45
"R-HSA-70171","Glycolysis","28/2440","71/10654",0.00128079764896138,0.00909102248773101,0.00743599286157717,"PGM2L1/NDC1/HK1/NUP155/NUP188/ENO2/NUP37/NUP35/NUP50/NUP153/NUP205/NUP88/ALDOC/NUP93/NUP210/NUP160/NUP54/PPP2R1B/GNPDA1/NUP107/NUP85/NUP43/PFKFB2/HK2/NUP133/PGP/PFKFB4/RANBP2",28
"R-HSA-2565942","Regulation of PLK1 Activity at G2/M Transition","33/2440","88/10654",0.0013808404009033,0.00975085760022482,0.00797570433990029,"HAUS4/TUBB4A/CCNB1/ALMS1/NINL/CEP72/NEK2/PRKAR2B/PLK1/CENPJ/HAUS8/CEP78/TUBB/SKP1/CEP135/CCNB2/PLK4/HAUS1/CDK1/CEP152/FGFR1OP/BORA/TUBG1/HAUS6/AURKA/CEP57/CKAP5/CEP76/PCM1/CSNK1D/YWHAG/CEP290/CEP70",33
"R-HSA-5655862","Translesion synthesis by POLK","10/2440","17/10654",0.00151223133620344,0.0106241966834293,0.00869005118011643,"RPA1/RFC3/POLK/RFC5/RFC2/PCNA/RPA2/MAD2L2/RFC4/RFC1",10
"R-HSA-389957","Prefoldin mediated transfer of substrate  to CCT/TriC","14/2440","28/10654",0.00154118889632743,0.0107182682335499,0.00876699691159147,"TUBB4A/TUBB2B/CCT8/VBP1/PFDN6/CCT4/CCT2/CCT6A/CCT7/TCP1/TUBB2A/CCT5/CCT3/PFDN5",14
"R-HSA-75067","Processing of Capped Intronless Pre-mRNA","14/2440","28/10654",0.00154118889632743,0.0107182682335499,0.00876699691159147,"CPSF4/CPSF2/NCBP1/CSTF2/CPSF3/WDR33/NUDT21/SNRPB/SNRPG/SNRPF/PCF11/SNRPE/CSTF3/PAPOLA",14
"R-HSA-6790901","rRNA modification in the nucleus and cytosol","25/2440","62/10654",0.0015813233731258,0.0109421220341419,0.00895009790660994,"RRP9/UTP20/DKC1/NOP2/NAT10/NOL11/UTP18/FBL/IMP4/WDR43/UTP6/HEATR1/DHX37/RCL1/DDX52/WDR36/PDCD11/UTP4/NOP58/WDR75/WDR3/PNO1/THUMPD1/UTP15/BMS1",25
"R-HSA-6811434","COPI-dependent Golgi-to-ER retrograde traffic","36/2440","99/10654",0.00162575534310049,0.0111933255372468,0.00915556956377643,"KIF22/ARFGAP3/KIF1A/NBAS/COPB2/TUBB4A/TUBB2B/KIF13B/ARF3/NAPG/KIF21A/KIF23/KIF21B/KIF18B/KDELR3/KIF15/KIF5A/KIF11/KIF4A/KIFC1/KIF2A/KIF1B/KIF2C/TUBB2A/RACGAP1/COPB1/KIF3C/KIFAP3/ZW10/KIF20A/KIF18A/CENPE/KIF20B/RAB1A/KDELR1/RAB1B",36
"R-HSA-5689901","Metalloprotease DUBs","17/2440","37/10654",0.00164920734801759,0.0112983010856728,0.00924143420989173,"H2AC16/EP300/H2AC8/H2AC21/H2AW/BARD1/H2AC20/H2AC4/H2AC11/H2AC12/H2AC15/BRCA1/H2AC17/H2AC13/H2AC14/MYSM1/H2AC6",17
"R-HSA-174437","Removal of the Flap Intermediate from the C-strand","7/2440","10/10654",0.00202333978227064,0.0137927667335974,0.0112817799219885,"DNA2/RPA1/FEN1/PCNA/RPA2/POLD3/POLD1",7
"R-HSA-162599","Late Phase of HIV Life Cycle","47/2440","139/10654",0.00207433641339951,0.0140707450307937,0.0115091519955275,"NDC1/SSRP1/NEDD4L/POLR2H/NUP155/TAF5/NUP188/RANBP1/NUP37/TAF11/NUP35/NUP50/NUP153/NUP205/NUP88/GTF2H3/TAF13/NUP93/NUP210/NCBP1/NUP160/SUPT16H/TBP/NUP54/GTF2B/XPO1/GTF2E1/NUP107/RANGAP1/NUP85/NUP43/POLR2D/CHMP4C/CHMP5/TAF4B/POLR2B/PDCD6IP/NUP133/CCNT2/RAN/RNGTT/RNMT/TAF9B/TAF15/CCNT1/RANBP2/TAF12",47
"R-HSA-983231","Factors involved in megakaryocyte development and platelet production","55/2440","168/10654",0.00210341723344097,0.0141980663257266,0.0116132943229197,"KIF22/KIF1A/H3C8/DOCK7/PRKAR1A/TP53/TUBB4A/TUBB2B/DOCK3/AKAP1/H3C10/KIF13B/DOCK4/KDM1A/H3C1/H3C11/PRKAR2B/H3C2/SIN3A/H3C7/KIF21A/KIF23/PRKAR1B/MYB/H3C12/HDAC2/KIF21B/KIF18B/KIF15/KIF5A/KIF11/KIF4A/JMJD1C/KIFC1/KIF2A/KIF1B/KIF2C/TUBB2A/RACGAP1/ITPK1/CBX5/KIF3C/KIFAP3/DOCK11/KIF20A/MFN1/KIF18A/CENPE/KIF20B/H3C6/VPS45/RAD51B/CDK2/HBD/RAC1",55
"R-HSA-69052","Switching of origins to a post-replicative state","33/2440","90/10654",0.00212930143234731,0.0143026735236207,0.0116988576770815,"ORC1/MCM2/CDT1/MCM7/MCM3/MCM5/CDC6/CCNA2/CCNE1/UBE2C/MCM4/ORC2/PSME3/PSMD11/ORC6/MCM8/SKP1/ANAPC7/PSMA3/MCM6/SKP2/PSMD7/PSMA2/CCNA1/ORC4/ORC3/CDC27/ANAPC1/CDK2/PSMA5/PSMA6/PSMD10/CCNE2",33
"R-HSA-72312","rRNA processing","65/2440","205/10654",0.00217107540441688,0.0144962237221595,0.0118571718707416,"WDR12/PELP1/RRP9/DDX21/UTP20/DKC1/ISG20L2/RIOK3/NOP2/EXOSC2/FTSJ3/NAT10/TEX10/ELAC2/NOL11/BYSL/UTP18/FBL/IMP4/WDR43/LAS1L/EXOSC3/UTP6/RPL39L/RPS24/RRP1/TSR1/HEATR1/DHX37/RCL1/EXOSC5/RPS27L/RPL34/DDX52/WDR36/MTREX/PDCD11/MRM1/UTP4/PRORP/RPP30/NOP58/WDR75/WDR3/BOP1/GNL3/RPS4Y1/XRN2/PNO1/NCL/TFB1M/EXOSC8/EXOSC9/RBM28/TRMT10C/THUMPD1/RPS21/ERI1/UTP15/BMS1/RPS3A/CSNK1D/RPL31/RPS29/RPL18",65
"R-HSA-5358508","Mismatch Repair","9/2440","15/10654",0.0021791708863377,0.0144962237221595,0.0118571718707416,"EXO1/RPA1/LIG1/MSH6/MSH2/PCNA/RPA2/POLD3/POLD1",9
"R-HSA-8953750","Transcriptional Regulation by E2F6","16/2440","35/10654",0.00239362239730095,0.015798810979869,0.0129226218311813,"PHC1/EHMT2/TFDP2/CHEK1/CDC7/EZH2/EHMT1/RBBP4/RAD51/RRM2/BRCA1/MGA/RBBP8/PCGF6/CBX5/SUZ12",16
"R-HSA-5656169","Termination of translesion DNA synthesis","15/2440","32/10654",0.00239793136876734,0.015798810979869,0.0129226218311813,"POLE/RPA1/PCLAF/RFC3/POLK/RFC5/RFC2/PCNA/RPA2/POLD3/RFC4/POLE2/POLD1/USP10/RFC1",15
"R-HSA-68949","Orc1 removal from chromatin","27/2440","71/10654",0.00287787524196922,0.0188706390866267,0.0154352205960254,"ORC1/MCM2/CDT1/MCM7/MCM3/MCM5/CDC6/CCNA2/MCM4/ORC2/PSME3/PSMD11/ORC6/MCM8/SKP1/PSMA3/MCM6/SKP2/PSMD7/PSMA2/CCNA1/ORC4/ORC3/CDK2/PSMA5/PSMA6/PSMD10",27
"R-HSA-140342","Apoptosis induced DNA fragmentation","8/2440","13/10654",0.00312930168835911,0.0202302742951666,0.0165473328714813,"H1-5/HMGB2/HMGB1/H1-3/H1-1/H1-4/H1-2/CASP3",8
"R-HSA-2892247","POU5F1 (OCT4), SOX2, NANOG activate genes related to proliferation","8/2440","13/10654",0.00312930168835911,0.0202302742951666,0.0165473328714813,"SOX2/SALL4/ZIC3/DPPA4/TDGF1/NR6A1/EPHA1/SALL1",8
"R-HSA-3270619","IRF3-mediated induction of type I IFN","8/2440","13/10654",0.00312930168835911,0.0202302742951666,0.0165473328714813,"IFI16/XRCC5/DTX4/IRF3/PRKDC/XRCC6/MRE11/TBK1",8
"R-HSA-6814122","Cooperation of PDCL (PhLP1) and TRiC/CCT in G-protein beta folding","18/2440","42/10654",0.00316408921811498,0.0203595834268427,0.0166531011479736,"GNAO1/GNB4/GNG4/CCT8/CCT4/GNB2/CCT2/GNG12/CCT6A/RGS9/CCT7/TCP1/GNG5/PDCL/CCT5/CCT3/GNAI1/GNAI2",18
"R-HSA-110313","Translesion synthesis by Y family DNA polymerases bypasses lesions on DNA template","17/2440","39/10654",0.00329663164889194,0.0211137757233684,0.0172699919917472,"POLE/RPA1/PCLAF/RFC3/POLK/RFC5/RFC2/PCNA/RPA2/POLD3/MAD2L2/RFC4/POLE2/POLD1/USP10/RFC1/RCHY1",17
"R-HSA-6782210","Gap-filling DNA repair synthesis and ligation in TC-NER","25/2440","65/10654",0.00339470046043033,0.0215724963854659,0.0176452021040771,"LIG3/POLR2H/POLE/RPA1/EP300/USP7/LIG1/RFC3/POLK/RFC5/RFC2/PCNA/GTF2H3/RPA2/POLD3/CUL4B/RFC4/POLE2/PRPF19/POLD1/POLR2D/XRCC1/AQR/POLR2B/RFC1",25
"R-HSA-5617833","Cilium Assembly","63/2440","201/10654",0.00339958730257524,0.0215724963854659,0.0176452021040771,"IFT20/RP2/HAUS4/TUBB4A/ALMS1/TUBB2B/NINL/CEP72/IFT80/NEK2/CCT8/SMO/PRKAR2B/PLK1/CENPJ/EXOC2/HAUS8/CEP78/TUBB/CCT4/BBS2/CCT2/CEP135/RAB3IP/TCP1/PLK4/HAUS1/CDK1/CEP152/DYNC2H1/FGFR1OP/TUBB2A/EXOC1/CCT5/CLUAP1/TUBG1/WDR35/HAUS6/UNC119B/TRIP11/KIF3C/KIFAP3/CCT3/CEP57/MKKS/IQCB1/EXOC6/TTC26/CKAP5/CEP97/CEP83/CC2D2A/CEP76/CEP162/TCTEX1D1/PCM1/CSNK1D/YWHAG/IFT57/IFT81/CEP290/CEP70/LZTFL1",63
"R-HSA-75153","Apoptotic execution phase","21/2440","52/10654",0.00356008450035841,0.0224873227385025,0.0183934834156615,"STK26/DSG2/CDH1/LMNB1/PRKCQ/DSP/ACIN1/H1-5/TJP2/CLSPN/HMGB2/HMGB1/H1-3/H1-1/H1-4/BIRC2/H1-2/STK24/CASP6/CASP3/ROCK1",21
"R-HSA-5688426","Deubiquitination","88/2440","297/10654",0.00388865150174784,0.0244505621822227,0.0199993131789002,"USP44/CDC25A/H2BC10/ARRB2/H2BC17/RUVBL1/CYLD/HCFC1/H2AC16/AR/TP53/CCNA2/FOXO4/EP300/USP7/AXIN2/H2AC8/H2AC21/H2BC9/CDC20/H2AW/INO80D/ACTR5/PSME3/PSMD11/H2BC15/BARD1/H2BC6/USP28/H2AC20/SUDS3/USP37/H2BC11/USP3/CLSPN/H2BC14/H2AC4/UCHL1/PSMA3/H2BC7/INO80C/RHOT1/H2AC11/H2AC12/SKP2/H2BC8/USP47/H2BC5/PSMD7/TGFBR1/CDK1/YOD1/H2AC15/BRCA1/PSMA2/BIRC2/CCNA1/USP9X/CFTR/H2AC17/USP10/H2AC13/H2AC14/USP34/USP15/TGFB1/H2BC13/USP49/MYSM1/H2AC6/POLB/OTUD3/H2BC4/RNF146/H2BC12/UCHL5/TRAF2/ACTL6A/TAF9B/H2BU1/ARRB1/USP33/RIPK2/SMAD2/PSMA5/TOMM20/PSMA6/PSMD10",88
"R-HSA-110312","Translesion synthesis by REV1","9/2440","16/10654",0.00397433890458211,0.0247151927717187,0.0202157675081137,"RPA1/RFC3/RFC5/RFC2/PCNA/RPA2/MAD2L2/RFC4/RFC1",9
"R-HSA-1362300","Transcription of E2F targets under negative control by p107 (RBL1) and p130 (RBL2) in complex with HDAC1","9/2440","16/10654",0.00397433890458211,0.0247151927717187,0.0202157675081137,"MYBL2/E2F5/CCNA2/TFDP2/RBBP4/CDK1/LIN9/RBL2/RBL1",9
"R-HSA-8866654","E3 ubiquitin ligases ubiquitinate target proteins","23/2440","59/10654",0.0039845844555712,0.0247151927717187,0.0202157675081137,"H2BC10/H2BC17/RNF144A/H2BC9/PCNA/H2BC15/H2BC6/H2BC11/H2BC14/H2BC7/RAD18/H2BC8/SHPRH/H2BC5/PRKDC/RNF152/PEX2/H2BC13/H2BC4/H2BC12/HLTF/DERL1/PEX13",23
"R-HSA-1433557","Signaling by SCF-KIT","18/2440","43/10654",0.00429514963965724,0.0265220675058656,0.0216936989116509,"GRB10/GRB7/PTPN6/PIK3CA/CHEK1/PIK3R3/KITLG/LYN/KIT/CBL/LCK/PIK3R1/PTPRU/TEC/SOS1/GRAP/STAT5A/RAC1",18
"R-HSA-1362277","Transcription of E2F targets under negative control by DREAM complex","10/2440","19/10654",0.0045530364448802,0.0278645830426668,0.0227918081685231,"CDC25A/CDC6/E2F5/TFDP2/PCNA/TOP2A/RBBP4/LIN9/RBL2/RBL1",10
"R-HSA-77595","Processing of Intronless Pre-mRNAs","10/2440","19/10654",0.0045530364448802,0.0278645830426668,0.0227918081685231,"CPSF4/CPSF2/NCBP1/CSTF2/CPSF3/WDR33/NUDT21/PCF11/CSTF3/PAPOLA",10
"R-HSA-5620912","Anchoring of the basal body to the plasma membrane","34/2440","98/10654",0.00513945406675108,0.0313142842916648,0.0256134878967101,"HAUS4/TUBB4A/ALMS1/NINL/CEP72/NEK2/PRKAR2B/PLK1/CENPJ/HAUS8/CEP78/TUBB/CEP135/RAB3IP/PLK4/HAUS1/CDK1/CEP152/FGFR1OP/TUBG1/HAUS6/CEP57/IQCB1/CKAP5/CEP97/CEP83/CC2D2A/CEP76/CEP162/PCM1/CSNK1D/YWHAG/CEP290/CEP70",34
"R-HSA-162594","Early Phase of HIV Life Cycle","8/2440","14/10654",0.00584396112270602,0.0351403251788916,0.0287429942601491,"HMGA1/LIG1/FEN1/PSIP1/XRCC5/XRCC6/LIG4/CXCR4",8
"R-HSA-170670","Adenylate cyclase inhibitory pathway","8/2440","14/10654",0.00584396112270602,0.0351403251788916,0.0287429942601491,"GNAL/ADCY2/ADCY1/ADCY9/ADCY8/GNAI1/ADCY3/GNAI2",8
"R-HSA-5358606","Mismatch repair (MMR) directed by MSH2:MSH3 (MutSbeta)","8/2440","14/10654",0.00584396112270602,0.0351403251788916,0.0287429942601491,"EXO1/RPA1/LIG1/MSH2/PCNA/RPA2/POLD3/POLD1",8
"R-HSA-5696400","Dual Incision in GG-NER","17/2440","41/10654",0.00611271970211907,0.036596587086165,0.0299341422483634,"POLE/RPA1/RFC3/POLK/RFC5/PARP1/RFC2/PCNA/GTF2H3/RPA2/POLD3/CUL4B/RFC4/POLE2/POLD1/PARP2/RFC1",17
"R-HSA-8868773","rRNA processing in the nucleus and cytosol","60/2440","195/10654",0.00652111270556108,0.0388726069071758,0.0317958104121684,"WDR12/PELP1/RRP9/DDX21/UTP20/DKC1/ISG20L2/RIOK3/NOP2/EXOSC2/FTSJ3/NAT10/TEX10/NOL11/BYSL/UTP18/FBL/IMP4/WDR43/LAS1L/EXOSC3/UTP6/RPL39L/RPS24/RRP1/TSR1/HEATR1/DHX37/RCL1/EXOSC5/RPS27L/RPL34/DDX52/WDR36/MTREX/PDCD11/UTP4/RPP30/NOP58/WDR75/WDR3/BOP1/GNL3/RPS4Y1/XRN2/PNO1/NCL/EXOSC8/EXOSC9/RBM28/THUMPD1/RPS21/ERI1/UTP15/BMS1/RPS3A/CSNK1D/RPL31/RPS29/RPL18",60
"R-HSA-68867","Assembly of the pre-replicative complex","25/2440","68/10654",0.00670868972324663,0.0398183868487526,0.032569410180916,"ORC1/MCM2/CDT1/MCM7/MCM3/MCM5/CDC6/MCM4/ORC2/PSME3/E2F2/PSMD11/E2F3/ORC6/MCM8/PSMA3/GMNN/MCM6/PSMD7/PSMA2/ORC4/ORC3/PSMA5/PSMA6/PSMD10",25
"R-HSA-5656121","Translesion synthesis by POLI","9/2440","17/10654",0.00674420991900813,0.0398574122681296,0.0326013309841369,"RPA1/RFC3/RFC5/RFC2/PCNA/RPA2/MAD2L2/RFC4/RFC1",9
"R-HSA-380270","Recruitment of mitotic centrosome proteins and complexes","29/2440","82/10654",0.0069045955490781,0.0404579917918321,0.0330925744121548,"HAUS4/TUBB4A/ALMS1/NINL/CEP72/NEK2/PRKAR2B/PLK1/CENPJ/HAUS8/CEP78/TUBB/CEP135/TUBGCP4/PLK4/HAUS1/CDK1/CEP152/FGFR1OP/TUBG1/HAUS6/CEP57/CKAP5/CEP76/PCM1/CSNK1D/YWHAG/CEP290/CEP70",29
"R-HSA-380287","Centrosome maturation","29/2440","82/10654",0.0069045955490781,0.0404579917918321,0.0330925744121548,"HAUS4/TUBB4A/ALMS1/NINL/CEP72/NEK2/PRKAR2B/PLK1/CENPJ/HAUS8/CEP78/TUBB/CEP135/TUBGCP4/PLK4/HAUS1/CDK1/CEP152/FGFR1OP/TUBG1/HAUS6/CEP57/CKAP5/CEP76/PCM1/CSNK1D/YWHAG/CEP290/CEP70",29
"R-HSA-389958","Cooperation of Prefoldin and TriC/CCT  in actin and tubulin folding","14/2440","32/10654",0.00712263722068659,0.0415587773427349,0.0339929608658994,"TUBB4A/TUBB2B/CCT8/VBP1/PFDN6/CCT4/CCT2/CCT6A/CCT7/TCP1/TUBB2A/CCT5/CCT3/PFDN5",14
"R-HSA-5620922","BBSome-mediated cargo-targeting to cilium","11/2440","23/10654",0.00748061465344885,0.0433548447757545,0.0354620524481576,"CCT8/SMO/CCT4/BBS2/CCT2/RAB3IP/TCP1/CCT5/CCT3/MKKS/LZTFL1",11
"R-HSA-6803529","FGFR2 alternative splicing","12/2440","26/10654",0.00749342996124152,0.0433548447757545,0.0354620524481576,"ESRP1/POLR2H/PTBP1/ESRP2/NCBP1/HNRNPM/HNRNPH1/POLR2D/HNRNPF/POLR2B/TIA1/HNRNPA1",12
"R-HSA-1169408","ISG15 antiviral mechanism","26/2440","72/10654",0.00753592692656593,0.0434182902840221,0.0355139476389586,"NDC1/KPNA2/PPM1B/NUP155/NUP188/NUP37/NUP35/NUP50/NUP153/NUP205/NUP88/MX1/NUP93/NUP210/NUP160/EIF4E3/HERC5/NUP54/NUP107/NUP85/NUP43/IRF3/PLCG1/NUP133/EIF4A3/RANBP2",26
"R-HSA-8852135","Protein ubiquitination","28/2440","79/10654",0.0075997400786873,0.0436035087014684,0.0356654468605062,"H2BC10/H2BC17/UBE2T/UBE2C/RNF144A/USP7/H2BC9/PCNA/H2BC15/H2BC6/H2BC11/UBE2S/H2BC14/H2BC7/RAD18/H2BC8/SHPRH/H2BC5/PRKDC/RNF152/USP9X/PEX2/H2BC13/H2BC4/H2BC12/HLTF/DERL1/PEX13",28
"R-HSA-2426168","Activation of gene expression by SREBF (SREBP)","17/2440","42/10654",0.00811778843124182,0.0463825504971784,0.0379385613515123,"TM7SF2/DHCR7/ACACA/NFYC/HMGCS1/FASN/IDI1/SQLE/FDFT1/HMGCR/FDPS/SCD/NFYA/ELOVL6/TGS1/SC5D/CHD9",17
"R-HSA-72165","mRNA Splicing - Minor Pathway","20/2440","52/10654",0.00831575578731016,0.0473173376823392,0.0387031696060107,"POLR2H/SRSF2/LSM2/SNRNP25/EFTUD2/NCBP1/SF3B3/SRSF7/SNRNP40/SNRNP200/SNRPB/DDX23/POLR2D/SRSF1/POLR2B/SNRPG/SNRPF/SNRPE/SNRPD1/ZCRB1",20
